"Height","Nonce","Hash","Time","Bits"
"970559","4137848183","0000000000000000000060c00f9178382324daace7ca33c2b1aaecb5d7b14127","1791507435","17021ef0"
"970558","3360339546","00000000000000000000a71b4f38897bc5a415aec4e7c050d71a072ca2d9acd4","1791507322","17021ef0"
"970557","651854989","000000000000000000019444fe89f6b049f9768bd16c462d808079195c4448c5","1791505914","17021ef0"
"970556","2918749124","00000000000000000001d8726bfaf9ac6e944e7a169ae9d8ab7cd6d9b060d219","1791505828","17021ef0"
"970555","3925307559","000000000000000000013d4af2d81d46c6462939b1a319ba1ef020b0c1945ef6","1791505575","17021ef0"
"970554","3323102388","000000000000000000003ad2e8441f8ee840f32dace1200177dc958123796df2","1791505545","17021ef0"
"970553","3182386621","0000000000000000000115c7e0deaec1693a45aaaad6801791eaa689bc6ef86e","1791505231","17021ef0"
"970552","1618036808","00000000000000000000de017fee541d2c15a7b8170dc9859cf3219da2d06599","1791505208","17021ef0"
"970551","1349208650","00000000000000000000d27b5f3259be093231403b08fb597d3df0b387f26822","1791505101","17021ef0"
"970550","3931682614","0000000000000000000123a71c87706b99e6ee6a0163af3fad98735b34b28fd7","1791505072","17021ef0"
"970549","1184387132","00000000000000000001c96938404a2d973d69172f079909d3e050daf3c83c02","1791504483","17021ef0"
"970548","4164343206","00000000000000000000ad5735b3770a18d0f749952dfdb4c05e94105550e917","1791503648","17021ef0"
"970547","2724187121","0000000000000000000193f7f86939c64df366ca2eb137946aa9cfb9b3588fc6","1791503437","17021ef0"
"970546","690846268","000000000000000000007ad25647e8a722dded76671624a07fdc554b26e940e1","1791503213","17021ef0"
"970545","3410351409","000000000000000000018bee4a1759e02b289063d6d5a9afe704dd68d50101dc","1791502866","17021ef0"
"970544","2706781069","000000000000000000018e2630954cf08dd01574789ddf0a802fc034e1b6ba74","1791502802","17021ef0"
"970543","3827959180","00000000000000000000b53c5385fdba0ecae3f64d227781365b3bc464cbc7ea","1791500378","17021ef0"
"970542","1881535088","00000000000000000000ed5932a0a68e8d43e6e98be05ea0ad73a6fcbbe9bc41","1791500054","17021ef0"
"970541","1021428669","0000000000000000000014690f405c8651369691b133dce8b176b88cdf9aaf02","1791500023","17021ef0"
"970540","3338538252","00000000000000000000a6153701a8e47ef24844b627d8bc14defd461fc1186a","1791497148","17021ef0"
"970539","549669334","000000000000000000014c2951a2220b1c07ce90e814266d6d4e31ac14afc39f","1791496843","17021ef0"
"970538","728263046","000000000000000000011f1c75aab663f15bbbcdeb7f3b28cef9f1b8b889a84f","1791496749","17021ef0"
"970537","1215762979","00000000000000000001bdff73c2b07c3b12002d3c9bbb512bf3e423b5c9e389","1791496855","17021ef0"
"970536","3645813892","00000000000000000000cf1f1ad5ef2dae2431b986211e4e9660b143cf4f60a6","1791496129","17021ef0"
"970535","2926568836","000000000000000000009df5021fa2af2ba9ff85188a2ea4c76b7177afe3770f","1791496107","17021ef0"
"970534","4141920023","000000000000000000019207fda24122ec1cfe2617e8466db74218ecc06a91d2","1791494186","17021ef0"
"970533","3425044971","0000000000000000000187d7253203d6602728da8416e36e3760a7638abbcc7e","1791493625","17021ef0"
"970532","2073699173","00000000000000000000f47a1a059319e677d10714694a4357cc5af8b1c456bf","1791493204","17021ef0"
"970531","4145676511","00000000000000000001ef9f3fe3a4de896ad0645a1392b1ec3f786cc445d662","1791492912","17021ef0"
"970530","11290540","0000000000000000000179967ff5c2580d1665f6f71cf92747d379e31503baec","1791492688","17021ef0"
"970529","934638252","000000000000000000011c2afd381831d31ceb5eeaab1cc0e3c4f08d6312993b","1791492455","17021ef0"
"970528","4276572944","000000000000000000012691a3d39796a019b58e3db352d6a8a6e259e521e790","1791492049","17021ef0"
"970527","1323894074","0000000000000000000106fabf9968145317682006ec4f15805be9d032cec923","1791491967","17021ef0"
"970526","79921300","00000000000000000001527ff5f03b7263e08cc756a8c6672cec6e24635fe0a3","1791491665","17021ef0"
"970525","4071279346","00000000000000000000f19b402ec63d42e0fcf0c3e4cdaaca473f3378c6c4c8","1791490396","17021ef0"
"970524","2970926971","00000000000000000000be7ab1a89ddb29d32f82fa501f51335808969aeae1ca","1791489767","17021ef0"
"970523","2363929727","00000000000000000000bd2ed89f509110b171eff03e20ec7611fca23557a2b9","1791489395","17021ef0"
"970522","3068561904","000000000000000000007ed9af8ab0940aaac493035a2d03f35d8ead10dfac2a","1791488739","17021ef0"
"970521","550808069","00000000000000000000e9d000f01d1850128f5d5c4760da53bd3944f85364ee","1791487674","17021ef0"
"970520","3688360311","000000000000000000014f6d4045dc238f5deb5c8f2941e03ca871b1e38bd7ae","1791486390","17021ef0"
"970519","786941834","0000000000000000000218fb0ecd73aad083e298fbc202b5303f9728c3660d43","1791485732","17021ef0"
"970518","925156284","00000000000000000000d7c447c36b689aa9ccb277887233b6b8edc7e66006bd","1791485590","17021ef0"
"970517","676056134","00000000000000000001981d015c4c9b1f4344beee08407c826756b6b1edd94e","1791483228","17021ef0"
"970516","3464388949","0000000000000000000075970693e8c177176205517ef57fe14e8243bc612151","1791481921","17021ef0"
"970515","3452607502","0000000000000000000058c39e36a4c65365ba93fc6504a1208107934f6ac0f8","1791481249","17021ef0"
"970514","3881102814","000000000000000000001b89a4d963a7495cdc712eda85a6214f618b59f22a5a","1791479935","17021ef0"
"970513","1677079991","00000000000000000001667107de71d761145ee6a8378cc8497ff94085bea4e7","1791479216","17021ef0"
"970512","115215220","000000000000000000010b018f9af14fedf9c65900b18adc6c418d56aa1a9aee","1791478192","17021ef0"
"970511","250361542","00000000000000000000c3e40772b2db3131705464c93b5b93a1ce24d2a8933b","1791477174","17021ef0"
"970510","867813026","00000000000000000001d475a45969bf4991e5351185e475b52a5f523be8aa80","1791475222","17021ef0"
"970509","4202336976","00000000000000000001f0db45b07c242e772c90f39b05855eb24e1d93602b89","1791474494","17021ef0"
"970508","820618259","000000000000000000003861f2b30ceefec4b4ae3eaba7324a64af105013b1cf","1791473305","17021ef0"
"970507","686462730","00000000000000000001ec3f183cf87a623516376df048fed10a1696ed0f328f","1791473088","17021ef0"
"970506","1847091278","00000000000000000000b5b4f162f748d8ae4940b31061dff040f80601a131ee","1791473014","17021ef0"
"970505","3258072876","00000000000000000001ada6aa30d53fd0b548fbf065198abc9048f401d71de0","1791472494","17021ef0"
"970504","614542928","0000000000000000000164b3da4f006a224fb9526183e6ff1a94a6b4f26d0f8b","1791472129","17021ef0"
"970503","3170563154","000000000000000000021932cdf703e64226aa9fb7ee2c9b6d88d17c654a66d6","1791471520","17021ef0"
"970502","1582953264","0000000000000000000212f76085176143488791dd07a554654de604ea574a0b","1791471100","17021ef0"
"970501","2409254894","000000000000000000007f286f5dc58017d7d1767647f5973c614953d26fabc7","1791470956","17021ef0"
"970500","2451002424","00000000000000000001190ed1dcc169460315b60f7271ffc8d85dd41b63f363","1791470870","17021ef0"
"970499","3340184453","00000000000000000001e1a493b8f6902702911c876179137d7ff23be71f99a0","1791470643","17021ef0"
"970498","905556339","00000000000000000001683a72df9a22322b2117aab9a1b264c5284045702d51","1791467710","17021ef0"
"970497","3164080579","000000000000000000019bf8655892e94c6d0b7768ee20bbd20cc08db2b4c097","1791467057","17021ef0"
"970496","1585920124","000000000000000000009011ab8b37ebd25473e16ff95e7af31ec22bee55c2b1","1791466430","17021ef0"
"970495","1885265584","000000000000000000008d74a39a1e30f6696b86137eafdd1daa0399a49e2ef9","1791465651","17021ef0"
"970494","1284869595","0000000000000000000202c542ddfd00e381c4da9741064c25c454c116de0d94","1791465301","17021ef0"
"970493","226916731","000000000000000000017596c39c656930a8fea630f31ac74f0f4171d653cd51","1791465196","17021ef0"
"970492","2587601648","00000000000000000001d2c4d3eb5ae75fbd6e2f817a5947117b20a9925dfa7e","1791464769","17021ef0"
"970491","107677805","00000000000000000000c4a4a4121cb0fece4308ecee0003de2da0e5bdc7a3d1","1791463322","17021ef0"
"970490","3532317601","00000000000000000000a0228c5306a347437c636428b85b7d26f4bb30c40e9f","1791463242","17021ef0"
"970489","948825413","00000000000000000000c96f7eb6fb5a877b119015fa1b4c4d0c34607d46063b","1791462891","17021ef0"
"970488","3730400885","00000000000000000000cdde0d57baa9bce3b4909c322fa9dc3a33be2a6f8167","1791462261","17021ef0"
"970487","3020196886","00000000000000000000c3e698da763342d791169b90155251d9c3ed3bc668f5","1791459181","17021ef0"
"970486","3119837347","000000000000000000009504fbca4bf8fe17a94c3a4cf4057aa542c303b1c91e","1791459111","17021ef0"
"970485","1167453573","0000000000000000000186850c635f8e30170ee20bc741876468d805c45398b7","1791458547","17021ef0"
"970484","2215751059","000000000000000000006739218ca2abc06cee8a2eea7f6cf046579f876cd4be","1791458396","17021ef0"
"970483","538261854","000000000000000000006413fd432a73176e02c9bd773fe43075f8095010c304","1791458160","17021ef0"
"970482","769753598","000000000000000000003f9e5eb6c1d63a460856f9bebd069b98cc6dd04710da","1791457899","17021ef0"
"970481","1445060917","0000000000000000000100d2514b5f872e0e4d42aec30041350e1d4d530506ea","1791457561","17021ef0"
"970480","1651454635","00000000000000000001a54eee8f96936aaf34247ef00542368935188d3459b9","1791456574","17021ef0"
"970479","2801826951","000000000000000000019bf3939014a4812fadc2538cab75d0e8e8eb4f3f805f","1791455992","17021ef0"
"970478","3060610683","00000000000000000000c020f16867a49620bc3718b5405c95b4752c27da958a","1791455638","17021ef0"
"970477","1913864198","00000000000000000000bccb675aa0f743eecaf9c0a32f44efeea2505ec41d58","1791455961","17021ef0"
"970476","1343515447","00000000000000000000e15dedba82419f0447b17cb49dca84f0d04880b3414e","1791455173","17021ef0"
"970475","4160012190","00000000000000000000cf4779d6866ebdc94b1addd875ef02e10c01e7279e5e","1791455154","17021ef0"
"970474","2979207265","00000000000000000001bc72ca6b40438ba51d985bbcd941a75a5d73201bab83","1791453689","17021ef0"
"970473","2805967824","00000000000000000000b2a2fbc7e70d21be6f242af2e64ff8e64a8bc9246250","1791453059","17021ef0"
"970472","3690130955","000000000000000000008c131ce6d930b974650214b08a23ac376de2c6824082","1791452060","17021ef0"
"970471","732650663","00000000000000000000a8adf5a5eefc68d05a63a6806642d4c92728e985f12b","1791451613","17021ef0"
"970470","3811843459","00000000000000000000fdebfe67484ebf102d80837d6f6153f1e5720485c41a","1791449890","17021ef0"
"970469","450341996","0000000000000000000181489bc6ee61a7c165d767e91b0247b8543482e18928","1791449483","17021ef0"
"970468","3079534023","000000000000000000021c35d13758d1851bb0e0b8381c379fd9549209ce0a3d","1791449362","17021ef0"
"970467","2797282245","000000000000000000016b34dcdf149900b44d1d3b69c8af7b848d7abf5ca1ef","1791448808","17021ef0"
"970466","815815565","00000000000000000000042a88e8154e9e4ed7283f85235d8e4a7d0d973e96f7","1791448688","17021ef0"
"970465","810004917","00000000000000000001145750a79c49256da7fcb55012bbd8af014d863123a8","1791448004","17021ef0"
"970464","3887201848","000000000000000000015636c35fc9d0fb6b8c655c6634740a9501d1678da766","1791447441","17021ef0"
"970463","4272065508","00000000000000000000db073d5255d0cd1f3dd4428d50d1a3243423bab9c70e","1791447376","17021ef0"
"970462","71474810","00000000000000000001b2b15bbaeedb21037193beb84ab080943b19e70b2995","1791446430","17021ef0"
"970461","744715677","00000000000000000001cece643543d8c2fb53f8a00abb898b25130fac382d9e","1791444928","17021ef0"
"970460","1676534742","00000000000000000000a3921bddd89484dbab9f1d26201a5fcb53df8aad6f83","1791444597","17021ef0"
"970459","2252902694","0000000000000000000001b9ce6fade6b789394b08aaed79ffafa74a9e888a52","1791444451","17021ef0"
"970458","2234932496","00000000000000000001c709ca9e7f1d0675e05a4dd64731e4648c8972a5d76b","1791444309","17021ef0"
"970457","254043394","0000000000000000000104a95891f5379eb5efd14b683a25d4f3e5bbe5948ee2","1791443951","17021ef0"
"970456","3948179598","000000000000000000015186b412c37217047b4dd31841f21e9656bccb9266c6","1791443921","17021ef0"
"970455","1863978228","00000000000000000001ae4415f11474f2acb8b48378d52fc47a00c31a2884e7","1791443378","17021ef0"
"970454","808304576","00000000000000000001dead27f253a4a0ed3e634a815a9bc82115c2212f25e4","1791443250","17021ef0"
"970453","3471989804","00000000000000000001ea065ab61215578f4e72e1dd1ed8cfadaf52bfd9dfce","1791443004","17021ef0"
"970452","991539766","00000000000000000000a44e92dea2aeb5cfdf4c003b9bb9990ad0864a6c6179","1791442913","17021ef0"
"970451","1218077139","0000000000000000000155c39359737e8acffefc83a27ca75a5828147118301d","1791440614","17021ef0"
"970450","2329877879","00000000000000000001a851c7a7d0bb862c2e23eec41c6b305a3dea1ee4fbe4","1791439352","17021ef0"
"970449","4202382956","000000000000000000016a7ba62fbc5ab6f45bf39fbc045a530cffdc1262367a","1791438953","17021ef0"
"970448","3235615895","00000000000000000000e692a658829e6771e981cb612b6f622bbf3ed83d0da4","1791438701","17021ef0"
"970447","2087500683","000000000000000000003964e08fdd34507bae67ee73ad209710c10de7a08bfe","1791438048","17021ef0"
"970446","3288003656","00000000000000000001642e47930b60909cb6200d76fa3ec322b6581b45a762","1791436763","17021ef0"
"970445","2330529060","00000000000000000000f94203f4fec418da96f6f432fc08934665991493fa4c","1791436660","17021ef0"
"970444","1809952706","000000000000000000012bdc70da12451420e3c38a0c7c15f6e3c11aa70e7aef","1791436847","17021ef0"
"970443","69718894","00000000000000000001c234533a9fe9f61492f4d1d73cc033c0155f3c40977e","1791435100","17021ef0"
"970442","3547652184","00000000000000000000a5e80922062ff938401b65f4053a20b507cb0667cf41","1791434904","17021ef0"
"970441","3198265763","00000000000000000000a006f522a4b3ba11782ca6307a851697275fd7fb42fd","1791434848","17021ef0"
"970440","2250514519","000000000000000000019b1774c050ea82acb2cbb4dc88f32a44d3fec2d1cb34","1791434509","17021ef0"
"970439","1277885040","00000000000000000000817372c12c7ea5c9e255233719f51b200c9dd5896928","1791434193","17021ef0"
"970438","3523053209","00000000000000000001fd39b2ae809bc6224ab5a8a6bf426fc579508df8b698","1791434151","17021ef0"
"970437","4261473710","00000000000000000000afef0a99ff137e6761cfa979e425f1469e02c6bdb8ff","1791433477","17021ef0"
"970436","929509429","00000000000000000001598f57fd7325833d210a661296eb7e204e1deb9ae7e6","1791432679","17021ef0"
"970435","1065722559","000000000000000000016ef485419c3dd38ca52b74499f13cd318c5e771cf450","1791432610","17021ef0"
"970434","2106258402","0000000000000000000097b63ce6fa709d453e571ed09a9ed32a07b33cdde944","1791431708","17021ef0"
"970433","620626088","00000000000000000000d1aaf714e86829a8d454d8581f2ed07a830c13237a04","1791431031","17021ef0"
"970432","459738956","000000000000000000021155c9a6758ce298f7ec6da28a48f366777302e4231d","1791430822","17021ef0"
"970431","644794532","00000000000000000001d4ce4ae2debfcde3bfec24ac370eaec805416b49a787","1791430642","17021ef0"
"970430","3179191887","00000000000000000000bf5dcfc3dc43382bf3f6318796f9088a6e82b0eab349","1791429136","17021ef0"
"970429","329320577","000000000000000000001d2b879045c8ffbf974a2de7751fd764d2d671a91379","1791428747","17021ef0"
"970428","1034021519","00000000000000000000298d0cbb7aec014915fa782f51e8cb784cf875bb2b60","1791428009","17021ef0"
"970427","3548405967","00000000000000000002062aa70a10872881ee524e882ad730d65ddf7edd7513","1791427923","17021ef0"
"970426","2374069935","0000000000000000000170de061ef1b3fcb9ace091e2aa44f279dbf0ffdf04dd","1791427055","17021ef0"
"970425","3325194034","00000000000000000001a22c08622961c9fc0a1b063510bf5fc9141577b77537","1791425197","17021ef0"
"970424","2761136264","00000000000000000000eb91a11ccf827a859b2ca25b89a63106372c1b6d2e05","1791424998","17021ef0"
"970423","3009227796","00000000000000000000e4591424499844694b497f22a798c6df3b6a95edcd78","1791424803","17021ef0"
"970422","1652554119","00000000000000000001ccfa779d30bd648534a6c9048233e10a0b4f24653bb7","1791424029","17021ef0"
"970421","21791341","000000000000000000000dc3b49b6e6abc649406be958007dea9f89deb22d455","1791423908","17021ef0"
"970420","4050171535","00000000000000000001d06cd592fbdbb1d5e975ab628adccc4f29fc1876ff9c","1791423811","17021ef0"
"970419","2715555603","000000000000000000016dfc75388236a08ad98ac6cfc4822159cce83ef46ed6","1791423744","17021ef0"
"970418","1119372854","0000000000000000000006eb598d030f2111353f4374be0906fcb4b625d167c6","1791423302","17021ef0"
"970417","227805019","00000000000000000000f204d4816fd40ae45998e5bc310a8e17ce7c63afd135","1791423157","17021ef0"
"970416","1907724224","00000000000000000001e0a6f58797ab205005aaada003415beceae6318c9095","1791422833","17021ef0"
"970415","309121845","00000000000000000000556491bf4cd56e9e1d49f88bd5b87dbad1e1563bcf36","1791421475","17021ef0"
"970414","63409603","00000000000000000001cce2d38d81baa21431f3d5447e7be44ad6885c7dc73e","1791420674","17021ef0"
"970413","2340379345","00000000000000000001f674dc543ee771b7ab473849dc51a8e470830cd6b68a","1791419782","17021ef0"
"970412","1703515176","0000000000000000000159956a8f2cc5e2087aa9a5c21aaebb4b6bc92810bb18","1791419382","17021ef0"
"970411","3593829328","000000000000000000021447e8b980f788b4a58120f456a2a4298f5be66d2f15","1791418849","17021ef0"
"970410","785907821","000000000000000000010ec2f1cbed0efbe5139de076ab1464d4377dacfc93c3","1791418083","17021ef0"
"970409","1814719856","0000000000000000000200edb11fe5bfd615b5fce7bbe372f323269d1b97eb97","1791417162","17021ef0"
"970408","1405936271","00000000000000000000e9e3031f48608108b8bc132cdd94bbcfdb16137b9dd5","1791416821","17021ef0"
"970407","380479157","000000000000000000012f5d7f239fecdf9e2007d42a6dc97a264a62881d8100","1791416796","17021ef0"
"970406","2947931710","0000000000000000000154af660b62a1faa76a71f5c1b6f4f09d8a0da8d1061a","1791416719","17021ef0"
"970405","2852801366","00000000000000000001124c99a956a24e8570d9afb7e51266aab72fe2473aed","1791416108","17021ef0"
"970404","116919715","0000000000000000000141e6be4189208cd48e16c8d4e7c59ac5a2a6bb47c269","1791415047","17021ef0"
"970403","1700617491","00000000000000000000cf98017be585521a2a84e4030e20021565479c6218fe","1791413684","17021ef0"
"970402","3171770834","00000000000000000001127a990d2786f60a9997040181bf3308d27750cd570e","1791413245","17021ef0"
"970401","2161894227","00000000000000000000ee5d7efffe9460c903dd90196bab791fbac0ba959afc","1791412998","17021ef0"
"970400","2053742950","000000000000000000016242c942ba251f2dbfb6d2faa1e29c6ec58967aee578","1791412279","17021ef0"
"970399","401002788","00000000000000000000aa2c50d346b1ab315b39de5507afedc76106363ad717","1791412153","17021ef0"
"970398","603876987","0000000000000000000198906a467a14d1adf227ff6c0a04a99b28fd768f0239","1791411881","17021ef0"
"970397","1151071804","000000000000000000012e185acd8042888e8c6e303c74103eae0c76762cda70","1791410983","17021ef0"
"970396","55167099","00000000000000000000f9392884cb2a3a15d38c84777ce804f20e8b1435a630","1791410224","17021ef0"
"970395","253665995","00000000000000000001175650b7191e4f4a666bfc4f3addbf154b4745f83dd2","1791408904","17021ef0"
"970394","1796002944","0000000000000000000195bf2dde014aa9d8632072d829ca2678914d90693995","1791407300","17021ef0"
"970393","986511113","00000000000000000001e72744855c5edb4b5d73246a9182307ac0d634388dc6","1791406599","17021ef0"
"970392","1513044824","00000000000000000001a363a8473cbb0c7fb1b20879d438226ce68fe0ffafdd","1791406614","17021ef0"
"970391","3423618869","00000000000000000000b41b1306d05bf6b8d67063ee739eae9b6cbed4523652","1791405864","17021ef0"
"970390","1283861472","00000000000000000000c04b72c8fd8defab312a8aef9ad06337183571826ed1","1791405816","17021ef0"
"970389","1375951115","000000000000000000014b709b14b2d3daeb7ebe34ff0c006cdc7dcba97e0356","1791405459","17021ef0"
"970388","3038656611","0000000000000000000114af0ee4e92d72e81d70f28b141d65adc792f0d2d0bd","1791405357","17021ef0"
"970387","2807362934","00000000000000000000ec37c7ce97315a4c07f4474dc5ae83260f7a5fb6a3a4","1791405157","17021ef0"
"970386","906339953","000000000000000000013ad5214680d78cd969da6cb3f3d6d2bb006f7d279c48","1791404778","17021ef0"
"970385","1600460173","00000000000000000001d01bbc00a92cf3c98d6c78cf88a98e34c848430744c7","1791403409","17021ef0"
"970384","472879538","000000000000000000011cd24595f07d13816543bc74f7e69146d01e8fdd6f8b","1791403327","17021ef0"
"970383","665728652","0000000000000000000109a9e235d8e9a10c1599f8ac746b4cc16f76ae762644","1791403204","17021ef0"
"970382","2427300377","000000000000000000019ea373aecab3b1714e714f9fbde6a26ac1a0bc49b0e8","1791402763","17021ef0"
"970381","3275551082","00000000000000000001db093056575eaffc50ddeca19ae6954e79004dba88a9","1791401875","17021ef0"
"970380","3784288624","00000000000000000001bdf9801b9d1defeb14a05fd19d22b7de25cc940ee29c","1791400010","17021ef0"
"970379","849562618","00000000000000000001da42fd6d34414507c7d55d370b8d63bd36943e213475","1791399125","17021ef0"
"970378","2950364195","00000000000000000000f116627d42305c8cb3a194e4ba427789f3d10b21d64f","1791399061","17021ef0"
"970377","4049280515","00000000000000000000a8b4e23509d56fe6d45df1b796e918343915e2da42b5","1791397762","17021ef0"
"970376","767166402","0000000000000000000006ed171093c222b3ba57432f7f7573e593b6b7bcca6b","1791397624","17021ef0"
"970375","10078971","00000000000000000001ccb3ff5b0fc502e42ea5f079498e4d06d85606d057bf","1791397172","17021ef0"
"970374","3238120802","000000000000000000014d72dbc18fabbdf48717fbcaa3c1b822b656d471e071","1791396334","17021ef0"
"970373","2690848189","00000000000000000001747b13a8b5fc57da62091c56f80d13cf0df72b07e3a3","1791395855","17021ef0"
"970372","506507530","0000000000000000000064a5492d58617eb17ef307384f2a5ce6e98b22b39c40","1791395400","17021ef0"
"970371","4114481535","000000000000000000013ee3ba46b7e923144ad636cfb2a1e389f51f02ae5dbf","1791395397","17021ef0"
"970370","799903884","00000000000000000000dc716898e0fe716ca4c516a416b0ea3cb757d3cd0a7f","1791393157","17021ef0"
"970369","1766809185","00000000000000000000415537d1d8422cf9140319a91aed80d4060e3d083077","1791393131","17021ef0"
"970368","3870593630","00000000000000000000570e4af4ba63b61e943ce3dc6efef386451a1d0c55b0","1791392825","17021ef0"
"970367","1407906238","000000000000000000010c34d419f72bfb4a69084ca3a679bb4f2496491c29fc","1791392300","17021ef0"
"970366","1370924127","00000000000000000000aadf23414751ca24e28927c531c86515297eaec498c5","1791392022","17021ef0"
"970365","407083137","00000000000000000001635c6fb60eb5a13f316d779292961fe10b2335bd1c5e","1791391799","17021ef0"
"970364","457648988","0000000000000000000087826a395ac31801a3ccd85da5173cc81d36243380b9","1791390844","17021ef0"
"970363","2380017766","00000000000000000000695dfa6c4759de1279a4b70705f2bf0f1cb89a75e91a","1791390306","17021ef0"
"970362","1000598305","00000000000000000001b158498d6dd4f944f00299720d75fec10ddfe88043b1","1791389733","17021ef0"
"970361","1453221457","000000000000000000013fd39481122b8f842e4d53e50b1a3bba79fcfbae1c15","1791389681","17021ef0"
"970360","148497426","0000000000000000000048a760e950b4f5038d01b9e3287136cd7381b1de56e4","1791389581","17021ef0"
"970359","3407160593","000000000000000000018a86763c5f5524d14219bf9045b9455099b63a1cae73","1791389380","17021ef0"
"970358","2660070164","00000000000000000000bb862ab471efde503051d8c4831ab5fdce956b319c24","1791389038","17021ef0"
"970357","2222598151","0000000000000000000017d4a06bbf31fdffd8e9cb3e91e41d9a832071c3efdd","1791387917","17021ef0"
"970356","23325000","00000000000000000000c7a196300e8511bafa7aca44079f076f7bd8e757dd3e","1791387627","17021ef0"
"970355","3662669700","00000000000000000000a269cf37c65b14ee8f200b0ae1d810e8343ac11f245e","1791387245","17021ef0"
"970354","1017765800","000000000000000000008e8053050432a22767273164e0deaf1ab5b9bfddbfc8","1791387184","17021ef0"
"970353","1535785747","00000000000000000000904fc942ce00abd8bc5c12fa325d929dfd34617a6a32","1791385727","17021ef0"
"970352","852342644","000000000000000000000661478887c03e0bfe0eb0a0f1e42a249c9527afd3f2","1791384974","17021ef0"
"970351","3962588592","000000000000000000008a15ca485dd861931d8cd7b96eb2b0baf323d7e7290f","1791384119","17021ef0"
"970350","796748833","000000000000000000002b542d04a2c053b3058694bb997355fd36b3e937205e","1791383533","17021ef0"
"970349","2004259411","0000000000000000000202578adf3268caac14aa8b7ca938fcd13fa838ba12d6","1791381637","17021ef0"
"970348","3692309900","00000000000000000001496342cb64cf357a71f19e4c744a5d0e92cf5bd3ba85","1791381058","17021ef0"
"970347","3403106757","00000000000000000001636e8988f38cce44827cb918e8803ab041ba2d87bcdd","1791380209","17021ef0"
"970346","4134802176","00000000000000000000480986682aefd893c2a79ad5b1966b18ffd45dcf4e17","1791380295","17021ef0"
"970345","2724406684","0000000000000000000135ea48af812b4628eaa6b00e886ed584d4eba36cc622","1791380145","17021ef0"
"970344","3309935168","00000000000000000000e2763b8cc631511fd7a8d079c18eab8816f954a8f8ca","1791379820","17021ef0"
"970343","3272574314","00000000000000000000579b7a05fa1f5cfb2240fca4942efa7155b58e743c44","1791379173","17021ef0"
"970342","1939950975","00000000000000000000987428229b62e4ea37ce73874df521a55cc4732bbd41","1791377417","17021ef0"
"970341","1574961445","000000000000000000012f973276ad827a97fed1b4006ccf6b2ffa4953ff644f","1791376871","17021ef0"
"970340","4075725539","00000000000000000000d8fa9e04338bc27010a003be33e21e19724c8f3f955b","1791375266","17021ef0"
"970339","3425266044","00000000000000000000460f3d28dd02daa255fe7e669a026e182f2069e145b0","1791374878","17021ef0"
"970338","2063156804","0000000000000000000208f5ee7ddbc6df6d13a5feb3aad2bc856beda752730d","1791374868","17021ef0"
"970337","1969996070","00000000000000000000df1d51d0ce6a253c3bf8faa89618d569a8ef620eb7ba","1791374813","17021ef0"
"970336","221407738","00000000000000000001afbf2dfdb59edba4c722fa8c92bd115c9da32931651d","1791374585","17021ef0"
"970335","1701784363","0000000000000000000134aad4d4c27b0852ef5418f275e08eb49b4d5dea7b4a","1791372801","17021ef0"
"970334","3290132763","0000000000000000000066342cd2b91a8637266ee9d048d19f85f053959ef43d","1791372193","17021ef0"
"970333","3819922038","00000000000000000001ae74d6e80c2e8c2669784771a6f3e04c2797787aa693","1791371453","17021ef0"
"970332","1055847124","000000000000000000003bc7686f48f7f2afda813e0c02f3428cfd80052f076f","1791370903","17021ef0"
"970331","2508110941","00000000000000000000cae303923b6e1a3cd81dfe039c0d297aa4bf9a1ab5f8","1791370829","17021ef0"
"970330","2341382198","000000000000000000018f0f9b1aff73f54ea0f9c0f3fef051416352998a1ffe","1791369231","17021ef0"
"970329","2741785497","0000000000000000000094ad30483943b1f5773bf1e89ff4b15fa40dcb656b0b","1791369227","17021ef0"
"970328","3658004147","00000000000000000000989d8a9d2814d1ff919799b7b4aa3e214dcdcf6a8bf1","1791368112","17021ef0"
"970327","3654699016","0000000000000000000026b4404eb2cccd20ed5ce1dd57cd0d485774f88037fb","1791367862","17021ef0"
"970326","947734425","000000000000000000004ca21c5ad1e9f2e4e09f23c90c5b31255e7a1ee4137c","1791367514","17021ef0"
"970325","345760546","0000000000000000000151adcce3925b7efb61be2ac228e98d8fcb861fd77e75","1791367292","17021ef0"
"970324","3243273313","00000000000000000000bab1afd1d7d07c7b7b177bc836f704f51d3d8b8699ca","1791366981","17021ef0"
"970323","1618575068","00000000000000000000d4401afd7a7795ee06e4d333308e61961cece32dd47c","1791365060","17021ef0"
"970322","3753481447","00000000000000000000d11fb46992fab9924ac0140dc42ff94c724bb892f438","1791364819","17021ef0"
"970321","3322908676","00000000000000000000774b2f71f6df5f071c50f4e265904f60e60817b3e220","1791364688","17021ef0"
"970320","4112876836","00000000000000000000b68439f30f8a0972142f898b7ee5204ae099ac5431dd","1791363378","17021ef0"
"970319","2565142048","000000000000000000004e7f4158e222f2cfe38cf40bb16ef66b51ee94f43d15","1791363285","17021ef0"
"970318","1074773630","00000000000000000001954851f5093a3406acc3c3f540340cd86c2f13339ea9","1791363176","17021ef0"
"970317","1974621790","00000000000000000001c0da460da794a1ba1cbb222831d1a247ce14679248c5","1791363100","17021ef0"
"970316","1547598903","00000000000000000000abeb5a2c68c8ad60d19c49a905d76c407eb48755985e","1791363002","17021ef0"
"970315","3256626033","000000000000000000011810d856ba28e6c8b51260a81d177ddc9a16399e4f3c","1791362875","17021ef0"
"970314","619176292","00000000000000000001a16e51bb1dba7c96a559e1d94824815f7e0a50d95535","1791361841","17021ef0"
"970313","1454587399","000000000000000000006b3a9278cb148182604888240d509ae5a18dcf187261","1791361297","17021ef0"
"970312","142977693","000000000000000000010de90c7a3c617e608ef11e39af3b21292ac60620f019","1791360743","17021ef0"
"970311","3776480666","000000000000000000007b994696830c092b5b407730727866afe49f59fdb9a9","1791360284","17021ef0"
"970310","1473783231","0000000000000000000117350486d057be8a9e3e44ea8cc113e8666bbc350300","1791360390","17021ef0"
"970309","3860587755","00000000000000000001bc105a9235ce8f1d11f22bbdc3299c25cccec879929d","1791359462","17021ef0"
"970308","1783393012","000000000000000000020e7bacfc0cdcb203c57689deeabe596526be1c69622e","1791359216","17021ef0"
"970307","4164706210","00000000000000000001a7945b5a2467dbcc69e2d95d7f8086f889fdd0d715b8","1791357890","17021ef0"
"970306","3746796251","000000000000000000020225962f8f5c3be5057d2ccb2e06184c9c7572684fe0","1791357980","17021ef0"
"970305","1654796771","00000000000000000001ba5d3c8722dfb78a870086026ec78b810ecde664e3fc","1791356348","17021ef0"
"970304","4011405396","00000000000000000001b5abd1a4afbb406e7517f7847267661888d0517c7fa6","1791356334","17021ef0"
"970303","1859288662","000000000000000000009da1774ed51bfd8eb0e55b1b1807fe160b11aa2cb704","1791355720","17021ef0"
"970302","2677788008","00000000000000000001870ec0fd251a90a3971982bd0dd1678d87c098c408dc","1791355577","17021ef0"
"970301","3446098015","00000000000000000000473469ced3afe98788a8b4884ff20e4d21b20cd512bb","1791353654","17021ef0"
"970300","2166533127","00000000000000000001b5c766d9dde0b59533460f4b784dcb7062e948aa0c27","1791353386","17021ef0"
"970299","2074393229","0000000000000000000211744beacf762696decdb9a4464eb41cfa0daea12316","1791352673","17021ef0"
"970298","1036741972","000000000000000000005ca3186d9bd71232a464246e8a408b4d90a3b1e0fed7","1791352382","17021ef0"
"970297","2382325006","0000000000000000000185da91e6773776f489022e9ec5bccff94e8a5d40e8a6","1791351665","17021ef0"
"970296","2722597391","000000000000000000002e095af36cd27d906f26a9f64671b9d9c6367f81d0a5","1791350433","17021ef0"
"970295","1719052644","0000000000000000000115be68463519cadb2f92cef8f0b17ecee7e2e818f3fd","1791350181","17021ef0"
"970294","1489935778","00000000000000000001bce44f40355633713f1155f7e438c1a757e3ff91caff","1791349708","17021ef0"
"970293","3237448079","00000000000000000000531ec359f7766a0dc84422c99dcacebd13a374a3f1d5","1791349646","17021ef0"
"970292","711689153","00000000000000000000b54d5bfb9868321f8d9272314a80dd1090d70ced2f12","1791349020","17021ef0"
"970291","4108517687","00000000000000000000490574c477257d6990f92f0d294f1d05fb486fab27a8","1791348521","17021ef0"
"970290","3315541106","0000000000000000000193abbc886e0c016074cd1075a9b97a5dd8491d4a7b59","1791348447","17021ef0"
"970289","3474126354","0000000000000000000206db668a219ad6361ad2ce19cf90521c918d624a151b","1791348389","17021ef0"
"970288","2938989946","000000000000000000011dc80030e3d346033736e38ea42919c404b0073073da","1791347335","17021ef0"
"970287","1455091922","00000000000000000000cda0d6975b1f9d1eec76df4b3e16d689e5f99eaea1e7","1791346510","17021ef0"
"970286","153767006","0000000000000000000080242f9f8faa5a047b2d6df5a0bc61950b973853a670","1791346285","17021ef0"
"970285","2582265889","00000000000000000001a32ed5a7127e9a1d4f27430cf3ba1bfb695f6487b0c6","1791346161","17021ef0"
"970284","1648281258","0000000000000000000042ea9a5ff497653ecff855cabbb6b9570fdf13279c2a","1791344574","17021ef0"
"970283","390950219","000000000000000000010277f0f179a1e941df2b654f4dc9979f6f8217835b0f","1791344279","17021ef0"
"970282","552377741","00000000000000000000600e91da4cc80d912f56e696810ee9d1667779a1a160","1791344119","17021ef0"
"970281","193539021","00000000000000000001f473bb10765137d36c9f26b484ff16798e2bc6e10f38","1791343983","17021ef0"
"970280","1405232072","000000000000000000008b24f8c6e61f1bd118ee7f68849d8bebb83fb6f9e54b","1791342783","17021ef0"
"970279","1793159353","000000000000000000016c1b86488e3e61a7b6fcb284ba8ebcebc158a96d9304","1791342336","17021ef0"
"970278","856603673","00000000000000000000f4fdcb4aa3751f0a8e0ac7a57e7288062cf87f1a7479","1791342006","17021ef0"
"970277","2885057711","00000000000000000001a73a945188960c89518639f11aa90e5a9ae28c741ef0","1791341814","17021ef0"
"970276","1691906635","00000000000000000001b7002c77dbb661525eb1c8f9f8122a16c7c3da3f3269","1791341610","17021ef0"
"970275","1004339016","000000000000000000014c27c36b6081972fd6eab83eb7d65bc711893126d421","1791341198","17021ef0"
"970274","4137769338","0000000000000000000186cf2a56012243d90f5d6f80a30e53f5fe7cc2ae4e2d","1791341048","17021ef0"
"970273","4106598579","00000000000000000000be488ac5d163b6ca7c69f08366b41bce3cfb4e8264c1","1791340249","17021ef0"
"970272","3533928825","00000000000000000001e31719050c4e68efa2bdb75717344b259a955d0d6633","1791340004","17021ef0"
"970271","3178537936","00000000000000000001518b3be9d2ffb247008040988a56e1dc90213836b036","1791338744","17021ef0"
"970270","1146020984","00000000000000000000be8293b8326548a31b4e6a5c647ff42b7c5b3cf08fe4","1791338683","17021ef0"
"970269","3114686607","00000000000000000001abf5e92c4e771c041ff3a9fde450c2291775641a801c","1791337771","17021ef0"
"970268","557691995","00000000000000000001a6a69f5693a99ab441ab08ea4bd92ed517842eb8e3ad","1791337125","17021ef0"
"970267","4080397143","000000000000000000007c706cbd48529acfa91a0772d9813820b9f66a74d117","1791335787","17021ef0"
"970266","2673807274","000000000000000000000f2953a41dc0a79703df379babb9fc56013e8517245d","1791335741","17021ef0"
"970265","2540704691","00000000000000000000d62539b278fd088556b4e63b51c55e840b6de581a665","1791335641","17021ef0"
"970264","1599550170","00000000000000000000200ece465f18f8bb1d4c8412d0ccd1868815bf274d5f","1791335146","17021ef0"
"970263","945067106","000000000000000000002b027cf825f20d9eb8f7131ddf1f440f7ade71b0838c","1791334308","17021ef0"
"970262","1780365705","00000000000000000000eeea5119fb1d1662e471ef4b255ae5ab43263ff0658f","1791333235","17021ef0"
"970261","471340901","000000000000000000014499139045f694e083dcb027a1a4c146e489b5ab1332","1791332742","17021ef0"
"970260","33949793","0000000000000000000026b53c366ff77ad92ef1e0e6914f1817e5e20da11218","1791332624","17021ef0"
"970259","3312596030","0000000000000000000101735b902f0e16c47b73f121a56ac9774d53e5bf07ec","1791332481","17021ef0"
"970258","2768143178","0000000000000000000000985cc39f87195a56985a6182b2bccc245c96c99c04","1791332208","17021ef0"
"970257","312520911","00000000000000000001d1cef4c1d4be35248e1f856c00c9fa43cc2daaa1fa6d","1791332223","17021ef0"
"970256","277939305","000000000000000000010503be2351d1a3a83be08e253aa3c4293d4ae70ee02c","1791331334","17021ef0"
"970255","3384041719","000000000000000000010e7215cd9b6924853d927f78cde1d5892b334881e698","1791331010","17021ef0"
"970254","3848750197","0000000000000000000012dafdacfa10cf25bd5e8a1e3a6ba6d659b8c89336d5","1791330615","17021ef0"
"970253","4275443366","00000000000000000000752c5a6ef787b87ae1b2c48ad14ddfc9c8e76af5effd","1791329907","17021ef0"
"970252","577319372","00000000000000000000f93681a927fd9d116a6c62e72349e7a791b823dce91c","1791329885","17021ef0"
"970251","3650460776","0000000000000000000055330a9b517a1d081fd0d30f6880d589984da83de879","1791329476","17021ef0"
"970250","1672175258","000000000000000000003ee4f819ffdde719c225a044d3ce3330113d3ab4fec4","1791329078","17021ef0"
"970249","796737364","00000000000000000000c3f826e5bd40f36a97ab812844909a6ca309109bcf44","1791329069","17021ef0"
"970248","288295508","00000000000000000001cbcd340759a8245cd145740c6bbce4c0cbdfcff7e7d0","1791329047","17021ef0"
"970247","3659337283","00000000000000000001c7d5c13b3a5d689629da22610ee9f5bbcbd6e4e31913","1791327631","17021ef0"
"970246","1764365638","00000000000000000001713a27e309b64aa5893a1875b45ea0bacf62b2724f3c","1791326892","17021ef0"
"970245","3668390277","000000000000000000017f105f2842e98c166ec3bfa548d1039143d8bcbe92ba","1791326716","17021ef0"
"970244","3820992362","0000000000000000000202ebc2a07bb1004ac6b1bb6bd31c1726c3b262fb1d40","1791325214","17021ef0"
"970243","1994590996","000000000000000000021ba141355ca0bc802aa8d3c418f690322726f2030dc5","1791324437","17021ef0"
"970242","2677078843","00000000000000000001cad5f7ef53c5825e23b7bc0b03f86a1c3ed4bddd2b37","1791324178","17021ef0"
"970241","3025958944","00000000000000000001ab0151e957737c8a7982accbb6e6e292dc48eea5f6a1","1791324128","17021ef0"
"970240","3843856259","00000000000000000001007cf0d29b4d272308d08774d83dee3c14d95a35c4d3","1791323754","17021ef0"
"970239","1633874707","00000000000000000000d67016f80c17079fcb3cb899aa1de6da82a42e8e6831","1791323703","17021ef0"
"970238","1811338808","00000000000000000001f863aaa44460cabb83fd21ecd15402293450ede7582c","1791323357","17021ef0"
"970237","2112647696","00000000000000000001892502654955cf32ef6698ca5dc359f93134b090acd5","1791322612","17021ef0"
"970236","3421327696","0000000000000000000131439aee9c1c2a5a0efb65d8c239be032c7e0f5ada3e","1791322531","17021ef0"
"970235","1168448306","0000000000000000000132a12807ed06fed9add0e4e5beba344701f0ff0fedaa","1791321440","17021ef0"
"970234","2650938922","00000000000000000001bc0ec58c0559f8f8a1bd1b37b1127d8614b5cc11ee65","1791320536","17021ef0"
"970233","1586716992","000000000000000000003cf7f297d31723c475d49d308b012982c90e885b59d5","1791320447","17021ef0"
"970232","2646588885","0000000000000000000152a188fc541b970a67c0c542342e4eb94430aafd26ae","1791320407","17021ef0"
"970231","1488036271","00000000000000000000845b3adb3c044b6ecdc0e20f207c5f186fd0aab160bc","1791319653","17021ef0"
"970230","805439574","000000000000000000004a082149481edacaffcab6b9e9fc0c91152a01a39e3f","1791319066","17021ef0"
"970229","2250379527","000000000000000000002762efc0e0d1f14891105a9882078fcabe3d34b6680f","1791318835","17021ef0"
"970228","3291568595","00000000000000000000ab3695d477d87ce345d6efd9dadd2160a41cffa223b3","1791318772","17021ef0"
"970227","141019923","0000000000000000000061d838ff67400c5acc1be62d306cd7e48ede4254ee72","1791318584","17021ef0"
"970226","534919964","0000000000000000000154d213d192835e4eb402da764d83e8c266aa767ce2b6","1791318172","17021ef0"
"970225","1263690920","00000000000000000000cd935ff3bc7c847b20966487f37f90d9fb11327384df","1791317532","17021ef0"
"970224","676911906","000000000000000000016b247760df4075fd31ee6264867ae3eb20c732f87d56","1791317382","17021ef0"
"970223","1044149818","00000000000000000001685c1bf1eb5e76ceefe1fe2c74035cb8cfbbe2493a76","1791317144","17021ef0"
"970222","3969974637","0000000000000000000009c12a5a73837b73e14c6af4706d3ba315a3f8d37013","1791316727","17021ef0"
"970221","2930429981","00000000000000000000f30c5c9b071b708cc6e59b3c53f1af6cf529fbed1014","1791316187","17021ef0"
"970220","468585556","00000000000000000001c67cca2e4c81a66ada1fdb5fab66148753fe3c3fef97","1791315289","17021ef0"
"970219","2328600195","00000000000000000001030ebf7c53cf910fbe25c3fc7810a52d1b4b551585ed","1791314699","17021ef0"
"970218","1422306580","00000000000000000001972039834868a3ee5da687cd6a56a4f76c416648560b","1791314354","17021ef0"
"970217","2444940697","000000000000000000019b200734a97275ae2b184da402e088036091cea55c0a","1791313953","17021ef0"
"970216","2509175952","00000000000000000001dcf7b3b4d97d760f5b1549b521ee065e8d6b56452e70","1791313147","17021ef0"
"970215","1973957912","00000000000000000001e5a201bd48ed12a14771641a61fc93ee9705aa744f86","1791312804","17021ef0"
"970214","219526640","00000000000000000000fc3c75564487f0332a37344ba0baea77e5878a38e4c3","1791311950","17021ef0"
"970213","615203454","00000000000000000001a4ff2561064350a2ea46c5a2325f4e8debf616c63b9a","1791311884","17021ef0"
"970212","3449993752","0000000000000000000003a9873a495c6b79aad1c3d32c060362f3c1c360e3f9","1791311671","17021ef0"
"970211","2762225409","00000000000000000000b06e6303e3cba1c2e27f58a7b0398e453a25a65cac99","1791309622","17021ef0"
"970210","3026145143","00000000000000000001966c1cd18e4b47281f7ce889d499d6d073c98d9b8c07","1791309543","17021ef0"
"970209","1528031595","000000000000000000017f08bc23b61b0c5f285e227906d2d17f9e588d3b2ba5","1791308709","17021ef0"
"970208","257359498","000000000000000000009504b7c3b44870cc164eb5b5243b67cecfb5ebe75fb4","1791307484","17021ef0"
"970207","2344371063","0000000000000000000061521a1f9d33c06dbeda4adb7b17aedf429000dbacb2","1791307343","17021ef0"
"970206","2184215477","000000000000000000006e70a0a1675b0bacc8d04b050abb12fa2018f64f8026","1791307102","17021ef0"
"970205","3535311736","00000000000000000001faef29f54ab264f36360602bfa798f1e3c83d20f6940","1791306707","17021ef0"
"970204","2634226925","00000000000000000001882b3e71263ecc703cbca45ef9f4bc9ffe1101e24848","1791305894","17021ef0"
"970203","2659790741","00000000000000000001411305f8c4987a46839f5e5c7109adcd5847f6f3820a","1791305025","17021ef0"
"970202","2846351401","000000000000000000004faa5fe5592977f32788ab35ac9f3c8a0e4dd0471ef9","1791304961","17021ef0"
"970201","270525884","00000000000000000000ddd7d3dd3d1e066f3bb8752ddba7f416ce28cb98aede","1791304705","17021ef0"
"970200","906671947","00000000000000000000554c3f9af06271bb9cd15dd9e78736f684c710935faf","1791304218","17021ef0"
"970199","3706271055","0000000000000000000102641df598de4506eba0321150797d1b8ed4a283c007","1791304112","17021ef0"
"970198","447585681","00000000000000000000e36a9e9d0a5e70a3576aa2669fcddc403fd23325e5b1","1791303260","17021ef0"
"970197","3886686257","0000000000000000000030863c2a9583d6e5067604ed25ad62c83da62c3e323f","1791302650","17021ef0"
"970196","3097851823","000000000000000000021a6ad15f95c42912a8075f43bdf705304a8b1fb668ba","1791302678","17021ef0"
"970195","4121076760","00000000000000000000f99c5e141fa23b001f1a26147902bc5c17923c4196d8","1791302257","17021ef0"
"970194","689527259","0000000000000000000212603f371aa1276ddc6d43277c6c03d444ed6b7fd6ad","1791302092","17021ef0"
"970193","891741780","000000000000000000015ed4575b0908e203862ec31f8ee2bf4d8bc30c2a8907","1791301744","17021ef0"
"970192","849180322","0000000000000000000107b96f1ad756bbb21fe8c3194d8518cbef204a93969d","1791300824","17021ef0"
"970191","2104385560","0000000000000000000154d3631ff0f79a37808de3e245bb582cda96c9ea4d79","1791300517","17021ef0"
"970190","3024924026","0000000000000000000052efffb18525a18cf830b2c312cc8864764d0523eb1d","1791300125","17021ef0"
"970189","534760436","00000000000000000001e865952813fde6cd727db4e4f4307c9203e1f0e59402","1791299894","17021ef0"
"970188","823267557","00000000000000000000003547ce87e2f18a51220c82d850a91ec466971847fd","1791299272","17021ef0"
"970187","1473866683","000000000000000000019080d67a1c4963ba49d49b9aba90bce944b10d61ddba","1791298684","17021ef0"
"970186","2378532465","000000000000000000011cdba8edbff837b48107b02b877184ed63dbc1bf6ae2","1791298470","17021ef0"
"970185","2011274907","00000000000000000000c8173742bc54d0b42039248b422a5202c86664c17d57","1791297458","17021ef0"
"970184","3941076324","000000000000000000005c6c7d353a292403fc1ee3f18fab9170788435641b0f","1791297229","17021ef0"
"970183","431847990","00000000000000000000f37d13478c0a5e386d15f22d90f7db65101b9a2c8607","1791297097","17021ef0"
"970182","643790404","000000000000000000016a111a01ad246d592fd150d8a44b45ea88b4966a8232","1791295399","17021ef0"
"970181","1028037788","00000000000000000000454219858158d993f061b664a2b9efe3b65cfbc2da08","1791295277","17021ef0"
"970180","3588000128","00000000000000000000c602126ea56096fe456516f01effb34666dbc75dd7f0","1791294281","17021ef0"
"970179","298760514","000000000000000000018ab3289ace87a044b67765e87ab298fc321cf30de237","1791293847","17021ef0"
"970178","1207883643","000000000000000000001dc1c856e0a16fdbaaae78483f3fd44f91f3032b80cd","1791292409","17021ef0"
"970177","1727823262","000000000000000000009dc58db42e2633b3c81699fecf483bf8890a618262eb","1791292196","17021ef0"
"970176","1072114695","00000000000000000001cc401fa4795eaee12d5a7355e577fec48b784bfae0ba","1791291092","17021ef0"
"970175","1421597752","0000000000000000000019f6c6615990d4fcbe234ab6eaede2ad14e9c8daee4d","1791291061","17021ef0"
"970174","3022174676","000000000000000000000b056858a1f27b8b27df4ae9e1ce056c89c64a23127f","1791290901","17021ef0"
"970173","187178363","00000000000000000000a9f59f843733ae438c348b63fa6d445fe985ea3655c3","1791290840","17021ef0"
"970172","245740526","000000000000000000019e43f6b90671f4be40248bd3ffbc881922136aaf67bc","1791290404","17021ef0"
"970171","2511672983","00000000000000000001452272be0c5ec331c4af1e8ad7bab4129d036e5d947e","1791288804","17021ef0"
"970170","1745539928","0000000000000000000054edf9c138c57ed5948585e6afd8d32daa22bea49a96","1791288729","17021ef0"
"970169","2077181852","0000000000000000000151d18c87446d304f3bd823f1ff58522765976605bb81","1791288169","17021ef0"
"970168","615141689","00000000000000000001e7fb1dd146afeb97792884948ea6880d099d6c0eaad5","1791287781","17021ef0"
"970167","3037980887","0000000000000000000020c7b2d4de83448127e6cd073090d1d21c72a80535bc","1791285678","17021ef0"
"970166","1992541988","00000000000000000001649092d51357aa56105f2005afabfd22feae681d2e40","1791285505","17021ef0"
"970165","3774862715","00000000000000000001e396ab941c854f0aae7b6f7a13b7eb858ddae8a051c1","1791284582","17021ef0"
"970164","2140161042","0000000000000000000134461f9ce2d11302b2a32ab97343a718f478fc9aafae","1791284390","17021ef0"
"970163","3695408778","000000000000000000016370759b648a1c1d801c1d457178e0d656d702d13335","1791283446","17021ef0"
"970162","915850089","00000000000000000000627c57602c9b69ab9fb9f6884c302ca6a9c49051b07d","1791283166","17021ef0"
"970161","2260078440","00000000000000000000a5912145cd91ef70f4934355505fc03d5d156264256b","1791283135","17021ef0"
"970160","2445353831","0000000000000000000132c675f8ea36e8f8ce7a08103508070f66579d4af8e6","1791282728","17021ef0"
"970159","2588139039","00000000000000000001adf138e720928f767d4e7d4db262c9aa544090e19655","1791282931","17021ef0"
"970158","598064524","000000000000000000016a9e2318ebe9c29135f5bd6d974e6983e302e2c7c99c","1791281192","17021ef0"
"970157","2597192504","000000000000000000003f01b01abd491b2f4270a7963f8a0b8ab9961becb05c","1791279934","17021ef0"
"970156","1332945797","000000000000000000019fbf2a8327e183e680c92237da28624e0bf7f6f32662","1791279181","17021ef0"
"970155","1073445946","000000000000000000008b15de051d9225324208a7ab0f167e92aab766fa33ef","1791277877","17021ef0"
"970154","4281017383","0000000000000000000050051cd434e56fbeeeb47c9e4fec153d66244c95963a","1791277008","17021ef0"
"970153","2511092026","000000000000000000004d324bd92f66d3f28f29c411568cb9ecbfe1378492ec","1791276975","17021ef0"
"970152","2351530504","00000000000000000000507159b7299094045c5958c7821eeccb5de5393f6002","1791276655","17021ef0"
"970151","1358314048","000000000000000000015e515ec3954f7cc847560f39417e10ee252ba0f3eec9","1791275717","17021ef0"
"970150","3343994275","000000000000000000011e873b006a44d750067f2a139ac70057638bd239a168","1791275059","17021ef0"
"970149","2900274857","00000000000000000001b200bec3e994eee785715d77b93e68976c4e83545d46","1791274404","17021ef0"
"970148","3390614473","0000000000000000000003df0882f34eaab45a94bcfa26471ecf96040cadfde8","1791273981","17021ef0"
"970147","3398862627","00000000000000000000c2e97c47eea7b958e1c8d0a7e40c5cf9c818cb8ed1f1","1791272440","17021ef0"
"970146","357920712","00000000000000000001c301f7bf61ac4ea681dbfd38b3fe10b8382f05a4eea8","1791270711","17021ef0"
"970145","1081550590","0000000000000000000015530ab970ce8b66d9ec5b6ac7457ef54b277620bc22","1791268590","17021ef0"
"970144","2368603310","000000000000000000020d328c721fdb973a5d5b5b324e933630a1931f86bb74","1791268500","17021ef0"
"970143","3568316659","00000000000000000000904dc83725c1dacaa6f4c124c41d538bb08eb92eb0aa","1791268032","17021ef0"
"970142","1126352461","0000000000000000000039f82a6d605fb7300d771c4d16fbba75ddeb11a8db48","1791267630","17021ef0"
"970141","1134853984","0000000000000000000126ab97a672e1f6a9cee86a9cc08adebf38991596392f","1791267228","17021ef0"
"970140","3338806153","00000000000000000001305c0d6e3a0dd24735c340ca2a8358fe8444700a7d2a","1791265947","17021ef0"
"970139","1766710057","00000000000000000001a04edf388eb2b8eab8b4c71cc14059414030033ba7ef","1791265918","17021ef0"
"970138","3281796727","000000000000000000016960a77c44eeb40a72c4b6ffcb3e92bdcc5fda9a99d4","1791265754","17021ef0"
"970137","2769866830","000000000000000000012d49e1b4b6aa786dec9751aab6766476136bd5da5b04","1791265828","17021ef0"
"970136","3791355964","0000000000000000000135d353034e10189c71d2ea44f338bf3b49d3e87274a5","1791265682","17021ef0"
"970135","2313015700","000000000000000000013e5512e85748d14d5adb90e9c6acec30f4ef2d38bf31","1791264520","17021ef0"
"970134","186272667","000000000000000000008beaabb2cb2095dea383993e19b1bee56fe33da92877","1791264112","17021ef0"
"970133","4105914142","000000000000000000000038a4e9b64bdd62533567b14ceb6f3176bb12fcceee","1791262450","17021ef0"
"970132","980527673","0000000000000000000212e34b4131350b8107da1f31a00b9c1d010ea4928573","1791261151","17021ef0"
"970131","49628099","00000000000000000001b407a31663235bab403d268bbe0f1f0d43305f89c858","1791260042","17021ef0"
"970130","3840324798","00000000000000000001121c147b26fa52147dfe8064a039920ba94ef73486f8","1791259505","17021ef0"
"970129","2251677164","0000000000000000000055c0d5c3de2055ea9ec38a77e84f5fc62cf43dcce5db","1791258744","17021ef0"
"970128","3260270627","00000000000000000001864a215359f05d01cbe68a27cfb3ad49fe37dc2e5b65","1791258591","17021ef0"
"970127","2252485604","000000000000000000012e81545920e3ba1edc1e690980a8c5af6e2818b5e270","1791258573","17021ef0"
"970126","380458503","00000000000000000000aa9cc5683fea42681e86c324923e920531b25a229b43","1791258477","17021ef0"
"970125","1540391250","000000000000000000015928021986a9492398e54a68486c9047e7d32d793d67","1791257987","17021ef0"
"970124","554565127","00000000000000000000aca9839e0922c4a629fdf4989626b8df3f6b628b2f9d","1791257684","17021ef0"
"970123","1328082391","000000000000000000013b8adbcb8dd6b29ae98892e2c43ef184a1ca8356dd54","1791256455","17021ef0"
"970122","2436466939","000000000000000000018c2cd896af2fb419e05aa20de61b6104fd758ebda65d","1791256244","17021ef0"
"970121","3210091906","000000000000000000008695e19b6b652552c324f765c1389cbf041178720c71","1791256414","17021ef0"
"970120","4136481046","00000000000000000001b6de75c2c6bd5f4b28749c4d7de90d2fae957374b86c","1791255818","17021ef0"
"970119","787956784","000000000000000000020cf811fc885aa938f6f021b8d6460e93928c3909a1e2","1791254331","17021ef0"
"970118","937931815","00000000000000000000087a8109ca2f5684983a2f0dea0c5b386530fa38123a","1791252882","17021ef0"
"970117","1258805918","00000000000000000000cd6df43c042991eda64f2df742bdf8cce182ff1cb388","1791251980","17021ef0"
"970116","2901947744","000000000000000000019f0ed191808b14930411fc5f8f4a73bfdc4b90cd2097","1791251790","17021ef0"
"970115","1638791823","00000000000000000000d435711c8ca8097943acb7ca8be87c45b2f8af713cab","1791251574","17021ef0"
"970114","152518491","00000000000000000001ee816f841693dacf7d25d6b99aca54ad7dd706d8ced5","1791251528","17021ef0"
"970113","3482570404","0000000000000000000016dc2f351aa94e2b49bd27f85ba3c807a7f60b8db002","1791250568","17021ef0"
"970112","1690384809","0000000000000000000167788ab30283c19e1aadf8a2d3d618d731e8c2eaf473","1791250354","17021ef0"
"970111","2608579948","00000000000000000000a79f84f935b8764e7af6934343fa14305dc3228f9469","1791250321","17021ef0"
"970110","449627469","00000000000000000000bf672774e21825fc210598231a924fc570ed4aa17c7f","1791250221","17021ef0"
"970109","1489270925","00000000000000000000427eb04244a76b7991be0020b91328916f8e850c939b","1791249671","17021ef0"
"970108","1767736174","000000000000000000002647e51ba73f2d55e618c4ce6b8e24ac77744ef9b10e","1791248993","17021ef0"
"970107","788899251","00000000000000000000689ddd3d06a42be43c0a59f040636184387ef75fa3be","1791248681","17021ef0"
"970106","498606340","00000000000000000000d7c3b8f1f12eeaee45c801fcd094fda60d97cf479c77","1791247593","17021ef0"
"970105","3656110674","00000000000000000001fa63a4ffe9f236407b67d0ccbd6ff6e349ebe5ed1c59","1791246960","17021ef0"
"970104","3787103302","000000000000000000019c4f2818055095775af71f021fd12a017093eb7e531e","1791246602","17021ef0"
"970103","1500443137","000000000000000000012f7eb16d83e9c237ec3935c97e0ba269bc41043e6666","1791246244","17021ef0"
"970102","2968018783","000000000000000000006dd2514b67e1bff833e977c2beccbe704fe871cfce03","1791245784","17021ef0"
"970101","627240199","000000000000000000008f7432d6a6e386d821db3ba06f08eedef36d08cf0bcf","1791244775","17021ef0"
"970100","2300140844","00000000000000000001281c788376a7ceb617c66e465dd716a3134a51a41431","1791245203","17021ef0"
"970099","2425974178","000000000000000000006a337e289bf2903730866eec7f4badb76550632bf3a1","1791244795","17021ef0"
"970098","3337295198","000000000000000000011134283870d087ab62020350eba206855afd1763ea68","1791244667","17021ef0"
"970097","1018924224","000000000000000000001fdd224b9e633571912e8a441ce33fd0a38731d2918f","1791243793","17021ef0"
"970096","842924425","00000000000000000001f865dfae01a02685757ada1f464b6d3978168e1f6d11","1791243610","17021ef0"
"970095","3073335286","000000000000000000018445987141e84dfde9db7b5db5aba17c721694120a63","1791243292","17021ef0"
"970094","2237718064","00000000000000000001f2fe7a8700a558e8a6811a5dd801530efa88a12fcca1","1791241929","17021ef0"
"970093","75063383","00000000000000000000ec60aba35bbb262a1839fb12b039577cdfe5bb2e0250","1791241544","17021ef0"
"970092","100394448","0000000000000000000166b0e18017b3fbc010c886da9e6e7f2fee38c79e7ec9","1791241731","17021ef0"
"970091","1585776327","0000000000000000000164c9af6e0e0321a2f1aea0550d7c6235df106ed844a2","1791241191","17021ef0"
"970090","331122976","000000000000000000006143c54b7a7505ff0c0b381de926ff9f3ae15260f592","1791241044","17021ef0"
"970089","1196397382","000000000000000000004359d7ae35bb14e7a6fe023bfb19dca49c9b3fb1f3e8","1791240569","17021ef0"
"970088","4027824773","00000000000000000001dacce3da28242780aa57fd20b03cb46e312072cb57dc","1791240220","17021ef0"
"970087","3540753452","00000000000000000000b103264b4af59fe02fae1c2ecb436ffd77bb2d0dbe47","1791240013","17021ef0"
"970086","4104905075","00000000000000000000634c077d16d3ea811af7b74f6bbb393ef28421fd0296","1791237403","17021ef0"
"970085","1863246275","00000000000000000001261c1a5a9ea0922fe4a6cccb149c4f47da21cdff83f5","1791237255","17021ef0"
"970084","326611407","0000000000000000000083c29c396248b24dccd7e9d866e0a395fd84793dfa50","1791235531","17021ef0"
"970083","77075037","00000000000000000000204ae03c0fd6bbfbe8f7e414017da2731e1dd2dadd05","1791235264","17021ef0"
"970082","1919696064","00000000000000000001222bd2eb22d9bd1141aeacd4a53bb2317ba999d7e1d3","1791235138","17021ef0"
"970081","2687884378","0000000000000000000184d58afa0034fa59cbd166b4db512cfa31dbef776926","1791234977","17021ef0"
"970080","1398009945","00000000000000000001631dec2adeb394f0ef9848d8c561674ee6e070eff444","1791234217","17021ef0"
"970079","3234380680","0000000000000000000039802472c0547b3f25a9f459b96c697f1d323322af8d","1791234006","17021ef0"
"970078","1276024582","00000000000000000000a8cc88731f1828c93f5869f948c14ee0541454dc3a3e","1791233487","17021ef0"
"970077","2323520132","0000000000000000000090c10edd5a9171a81d900b4021485bd816433e0f18eb","1791233225","17021ef0"
"970076","3702763258","00000000000000000001a65015750ee4b53bb4d23697d3dbf13e3e5a03a2f661","1791232622","17021ef0"
"970075","2377443802","000000000000000000003d9f6b32720105905607ef46d51b9e845626a3cb9a16","1791231218","17021ef0"
"970074","1688553571","00000000000000000000f0200bd9afc81fafc8ec6bb489fa37ef64fa464a7d3f","1791231069","17021ef0"
"970073","4208770952","00000000000000000001c989aa99de64d83f1bac85179f3f8f04624fff47171d","1791230750","17021ef0"
"970072","1692591444","0000000000000000000012567c4499c706a4168a70558438ab6d39802cb00962","1791230107","17021ef0"
"970071","811469309","0000000000000000000169da01cbaaf661d939a8bb9c9ab3749f55362b67b065","1791229751","17021ef0"
"970070","1325809913","00000000000000000000d0de91c882a618873b22b9d35c84e587faa8c3070145","1791229384","17021ef0"
"970069","1350343972","0000000000000000000115cd97ab10b278daeaaa495bbe114b40ee06cea667a8","1791228884","17021ef0"
"970068","3420522277","00000000000000000000c20407117e4fe7062ced2814e7cae1a25e52815eb174","1791228187","17021ef0"
"970067","4046029493","000000000000000000019139861fba499d8405f2d8dc11d240eb3f3e485febb3","1791227556","17021ef0"
"970066","3016145023","000000000000000000006ff37dbb58d44e6838d5beb265e2638708a348c823a6","1791227000","17021ef0"
"970065","186256838","000000000000000000001d388af0513fc9a9cc5fafdee10660bea6734b74004d","1791226929","17021ef0"
"970064","2565179730","00000000000000000001b58f483391e91f487efb6da5762de25910743c55d35d","1791226304","17021ef0"
"970063","3458293005","00000000000000000001f42461bfd42df2049e5e9cd8defe75d568fea7239c33","1791226138","17021ef0"
"970062","2235533358","00000000000000000000fcc6cca1b4862b03ca58f2be054d45fb66f48e6340f6","1791225797","17021ef0"
"970061","2147720863","0000000000000000000078010110db82f816d5d7ed3848fe17498eba2d5e0fef","1791225757","17021ef0"
"970060","54255185","00000000000000000000e8de388d23c2e163a150c4b9516d8f0f89a4c17ad900","1791224460","17021ef0"
"970059","2511373668","00000000000000000001d9ef77212ba5d412d2221ff6f76a5ebd35867b6dcc3c","1791222886","17021ef0"
"970058","716029568","00000000000000000000226808cad0e54e62cb84c2dceda612c989142a66add6","1791222630","17021ef0"
"970057","3443973955","0000000000000000000059571cf2fd20f09e5501b8606e09fd34c1dc88c55096","1791222253","17021ef0"
"970056","3722220374","0000000000000000000153715d1b4272b823c7e47c200e6599cd23e7be687b38","1791221072","17021ef0"
"970055","3507877902","0000000000000000000207b89a6c174f4258941d2b04a3a076584b415140e814","1791220882","17021ef0"
"970054","3181161947","0000000000000000000039035cdb533d742bb2867b5fc71ea4e0e71a07b927dc","1791220511","17021ef0"
"970053","4057126545","000000000000000000005260ddc48a2e8421fff7cb681ca999db1b65d119fdfc","1791220179","17021ef0"
"970052","1933621040","0000000000000000000214625f94f0bc4fdc87ccf46e54989a72ff4d2b577cc5","1791220269","17021ef0"
"970051","2451660013","000000000000000000018cbb522379d4318d7fe51836caebc0d419080e69f9b0","1791219399","17021ef0"
"970050","36155479","00000000000000000000717d583da5c51504bc7912be4dcb456c4a7f52ee27c1","1791218981","17021ef0"
"970049","4015873452","00000000000000000000c860f1781e9fd9a219d7ce5d993fb48f5f595fc2f27e","1791218821","17021ef0"
"970048","2732947468","000000000000000000005e869bf422c2fa5fef10c7acc3f6ac5eb277973f405f","1791217616","17021ef0"
"970047","39786112","000000000000000000009070a1a5df733aaabdfa08cbec10488c5379605a66b7","1791217052","17021ef0"
"970046","3390280220","000000000000000000006d7c7110107426122d48e2a23a9a15936abfd2d64570","1791216923","17021ef0"
"970045","2752931397","00000000000000000001f009c5e0dc1c45188304e68863fea33344ccf66d93f5","1791216275","17021ef0"
"970044","4055709628","00000000000000000000a578ff4996fe58390b9179eaee309bd2ec08a5edf6d6","1791215614","17021ef0"
"970043","3440249883","00000000000000000001b603ec0f3b96d3014013bf75aaa152a4d670b447bc2e","1791213830","17021ef0"
"970042","3136239049","0000000000000000000155c185a3101783bba14e8e4c9544636ffa8e71e30294","1791213755","17021ef0"
"970041","2783601475","00000000000000000001e1452ec8e3d10a961115d48a15aa0547f897174ad216","1791212501","17021ef0"
"970040","2028774910","000000000000000000013eb5ecadc55fc1d7233ecdbf0138fb146c22595421f0","1791212404","17021ef0"
"970039","1018229912","000000000000000000000d7f5ca678c6efcd56bc1f46ede8296ea6ef698b465d","1791211552","17021ef0"
"970038","2628383641","00000000000000000000ba717add9e9ca88219ed055ab6a33fcb5a4a229036ef","1791211401","17021ef0"
"970037","4169330935","00000000000000000001d06f7263eabc13e214980d44a81c4879e5acc01dd7f0","1791211353","17021ef0"
"970036","681074780","000000000000000000008229ed93f26728756f83e65d11aa92ff3b2ee68b57d0","1791210316","17021ef0"
"970035","3132565329","000000000000000000001eb165aafd14ee6bfec37b93422a6253e63f762632a0","1791210163","17021ef0"
"970034","2863687973","000000000000000000000d568ee058901bedd0fe3274b9627f0295c96f2f6e03","1791210144","17021ef0"
"970033","2997728398","00000000000000000001b2ad11eb9b4ee01e8018e60ade7a16411e83da9eb79f","1791210151","17021ef0"
"970032","4147052830","000000000000000000014fa61031fa404cd45572b136cb793fe1cebb4cf70ecb","1791208799","17021ef0"
"970031","2729922193","00000000000000000000f2700e1834bb52e06589022bf3c17b90fcb3a4072ca3","1791208813","17021ef0"
"970030","142561676","00000000000000000001f33ba442db17c0b6fa4f6bb90b51983270e29f106692","1791208601","17021ef0"
"970029","1823025556","0000000000000000000200491e37ff370d8f79bd056051ddc6e9123da05ba446","1791208051","17021ef0"
"970028","707873345","000000000000000000001b8ccfaa805ea358eadc83da7f433d6f0714963d89e2","1791208031","17021ef0"
"970027","3447834479","000000000000000000003f08a71860fe6ba8a71ce7ba7b8c182f203db6ff292a","1791207571","17021ef0"
"970026","2328263805","00000000000000000001c219d962d58f6407c6acc193764d12a5f5432e02795d","1791206029","17021ef0"
"970025","2145960308","00000000000000000000a0f702ed4d06d7aa29ca3bd28faef25523994e291c21","1791205684","17021ef0"
"970024","1130708162","0000000000000000000177c5fafec9b219a182d70e399d81a292114945e47bdc","1791205197","17021ef0"
"970023","2788717116","00000000000000000001e77226e78f5323708807cd694d4e141b1758aff8d21a","1791205047","17021ef0"
"970022","196559051","000000000000000000020407deba4f569627228fe8a6c69dbe4771b71812330a","1791204248","17021ef0"
"970021","2261326347","0000000000000000000107ad319d83ffa2951869993bddbba0358bef7fb80fee","1791203972","17021ef0"
"970020","816848185","00000000000000000000762f4526c865ca5dd56b77197e0ff894eeafd2fffe48","1791203838","17021ef0"
"970019","2343701688","000000000000000000004cb5f97ad960d3c0f0f10c9b524bd47f7fff409ae18e","1791203864","17021ef0"
"970018","1105261864","000000000000000000006e3d3743812f8f80fd98ccff4533bdc9166d3e5fcce3","1791203549","17021ef0"
"970017","1441026500","00000000000000000001866d7a4ed61b031938023ff307fea16084e8cdda85ad","1791202251","17021ef0"
"970016","1127987659","0000000000000000000198e9bc9d36c78ff3c4c4c2c4ff7222f4422d6a004caa","1791202145","17021ef0"
"970015","3580686526","0000000000000000000040c857e566e33db423ecc6ccc06d0ea0ae9bc332e7ab","1791201787","17021ef0"
"970014","199764207","00000000000000000001c5746c459525f60ccc63eb57491ab9b714bcd78d8b4e","1791201739","17021ef0"
"970013","2556655473","000000000000000000002abaad3258ea859ca147298b1af410636424a467daa7","1791201323","17021ef0"
"970012","3313728701","00000000000000000001eb4d2c4b0ce700aec82c6529e92f0c1c6f0daa69f726","1791200182","17021ef0"
"970011","2034110665","00000000000000000000e962008cd4671528ffb5310c39f83c5a73995ceaa2a1","1791200046","17021ef0"
"970010","784724636","00000000000000000001ffbbd3a12b9d6e916c6f405052a4a701c88022121f57","1791199639","17021ef0"
"970009","2337810028","00000000000000000000a8e61402085d5b662910c6a5f36fe9abbcb741bd4a1a","1791199616","17021ef0"
"970008","808472201","000000000000000000020626272d5e92b033f2591d3084edabf3904aedae87b5","1791199095","17021ef0"
"970007","2058308644","00000000000000000001a91b27c82a741b4c13d6e156441358309800e379014a","1791199084","17021ef0"
"970006","3344805442","0000000000000000000165ef53cbcda8077243148f25275d361fe72308e99f44","1791198529","17021ef0"
"970005","1209329306","00000000000000000001726e44fd871041a9fd1c94afe5464d3c8cfbea511f00","1791198210","17021ef0"
"970004","1139261435","0000000000000000000173e993702fb181e15b3fc05c29f1cd3543332824543e","1791198523","17021ef0"
"970003","994481639","00000000000000000001b0466781e1e022e855a73981d5214f9a65c952930fa3","1791198067","17021ef0"
"970002","263984756","0000000000000000000128a450d1e9ce242821b7b45de3cb9a8839ee4c22cebf","1791197912","17021ef0"
"970001","2872133828","00000000000000000000f033b3f748ef96283d780e0d2c05c117e895f3fdeee4","1791197970","17021ef0"
"970000","2898473253","000000000000000000014e6a9bad5f954f266cfb3e8f63f8c2fb7967f29b5a07","1791197130","17021ef0"
"969999","2506348263","000000000000000000001d95e5f7284cb199b8620eb6a7938dd9696f85751bb3","1791197081","17021ef0"
"969998","1356224172","00000000000000000001ac476894bd8ac948646193b7af7bb362802fa1e3841f","1791196346","17021ef0"
"969997","1241728770","000000000000000000007dfb7f760049e6af4abc85cfccc8bbec6f12d5dc67b2","1791195935","17021ef0"
"969996","253506070","000000000000000000005e309c988439566aabcf24de937c313cb54d009e6340","1791195799","17021ef0"
"969995","1098103116","00000000000000000000deec1d22ca54a9f560497ec29bba6e87c4d0e182cf13","1791194327","17021ef0"
"969994","2135573297","000000000000000000004c12fea2446455fdf46fb593be7f0a5164e585360203","1791193658","17021ef0"
"969993","3410849648","00000000000000000001574862943f0f045ad06f3c7d7835eb6e7290bb8c8459","1791193684","17021ef0"
"969992","1946917913","0000000000000000000027dd45f51e69e70a776281b31b4afa0cfc76a903922b","1791193324","17021ef0"
"969991","886387291","00000000000000000001de14998bec8fe3f984c7117146c5028d9425bc27eea8","1791193251","17021ef0"
"969990","1394660569","00000000000000000001e0487f98576e9cffe28e90b11acf4e4e9dedcaeb723e","1791192849","17021ef0"
"969989","1009222480","00000000000000000001773bf0bc7ade145c18ff0e0933113a129953e6d7e749","1791192573","17021ef0"
"969988","3777066109","0000000000000000000147776ccf5031798f2aa4a9b3ee1136ef80905d14dad8","1791192345","17021ef0"
"969987","866503676","00000000000000000000a2c99c019d58542df7c2b456f2b043020f0b882f7435","1791191649","17021ef0"
"969986","1193617678","000000000000000000013075608f2a9e271ad911c613bb382142aad125e94a55","1791191220","17021ef0"
"969985","3046848512","000000000000000000006823c66adca44d6d8172d657bca08c3e83498ade8b1f","1791191074","17021ef0"
"969984","1683040427","00000000000000000001e125a4e0db6f8750380480058f1bac0a8d988fbed9f3","1791190221","17021ef0"
"969983","2156830191","00000000000000000001331ea1d7595784bcb9da16f6f8c4376f783473b07952","1791189498","17021ef0"
"969982","1717600130","00000000000000000000429baf78387eb5b883c0ff3721bf9c92e4c9ae6595ca","1791187833","17021ef0"
"969981","1219808429","00000000000000000001927e3d3827fb37f752610893d9f30e72a3d8d7995f51","1791187181","17021ef0"
"969980","3585322102","00000000000000000001f0a49a5d30fade39bbad21d9afe8492e33cad3baecd8","1791186770","17021ef0"
"969979","574694197","00000000000000000001de88f63e1073367a32fdb274c2b8d1d102e107c11323","1791186616","17021ef0"
"969978","2240728324","00000000000000000001c8ed555ea374d64b1c2f2893a54ad1a50e07f8691487","1791184954","17021ef0"
"969977","3300245209","00000000000000000000325da3f661b696846a0a60ea1ed40e1801739040770c","1791184895","17021ef0"
"969976","1065779348","00000000000000000001c39b1fdb2d5272647842bc7494463236392a79e9e51b","1791184011","17021ef0"
"969975","1379481009","00000000000000000001225edba2b4e3059038bfd27c3f27cae522f91ccd01fb","1791183910","17021ef0"
"969974","2043207332","00000000000000000000b72ed05eddbdcad9838a42f89faa0c4101fb5aba9e3b","1791183810","17021ef0"
"969973","2769154580","000000000000000000005f868f349dadd71dc665ce327352dabe9d97a961103b","1791183034","17021ef0"
"969972","118161047","0000000000000000000098e826dc6a654e353f5fee68dceb1fafe0102180fdc8","1791182969","17021ef0"
"969971","3340289065","000000000000000000006c47172c1ac2bd8c82721d2c68160234e9aaed88fef3","1791182956","17021ef0"
"969970","3607145851","0000000000000000000011773c8e58eb6084ca50c53774e93d4892b7632cda50","1791182768","17021ef0"
"969969","711164843","00000000000000000001288085c5f9f56320dfb6590e1f60cbcbd7b9d35ca2cc","1791182645","17021ef0"
"969968","1882464526","00000000000000000000ff5bc7dd86cf74ae75a90d3c97a9896e0d2351df3326","1791182637","17021ef0"
"969967","167221916","0000000000000000000195380ea7e238340ab56089ccdca8808b28f0154e37c3","1791182363","17021ef0"
"969966","873393766","00000000000000000000431abf389cab98b773ecda68eb9fca4d4be91a86ff09","1791181855","17021ef0"
"969965","2523004028","00000000000000000001e15b46ccb20daf949d5162229038b01f20c5cdc697ba","1791180552","17021ef0"
"969964","1459377509","000000000000000000004f94bcc7e1cd2d5c23b11f63533244b67e5fe58294a6","1791180187","17021ef0"
"969963","1118590598","00000000000000000000febea6a46fcd616484520fef60783c29301e5821c6e4","1791180127","17021ef0"
"969962","1591187469","0000000000000000000093ccf93a24e7a1efe51333d449d7e92a98fce4a5ba4f","1791180026","17021ef0"
"969961","3130787209","00000000000000000001ceb2436063a3781cd0c7240c52818ba03837ab69029e","1791178466","17021ef0"
"969960","2668308243","00000000000000000000a3c52dca0bfca500f7ceeb0d33404fb0618e32f9ecb3","1791177311","17021ef0"
"969959","2529544267","0000000000000000000167049e56de4b9a561d2ba8cc2accf709d1c0afcf2668","1791177058","17021ef0"
"969958","1306768621","000000000000000000001a027b8ceb72659e5c8c87f614ab856eb135844431c6","1791176375","17021ef0"
"969957","292127908","00000000000000000001e01ea3c097438d769e88ae7d6c6df1f5454c8aae30ce","1791176054","17021ef0"
"969956","2304132225","00000000000000000001db0ad1a4f24c35c5b1dcc01089ba191f049c56644ac1","1791175947","17021ef0"
"969955","663973815","00000000000000000000ecf221716182657633187514f44c6538cabd890f2d51","1791175930","17021ef0"
"969954","2184288893","00000000000000000001768ef0b6e816a58d073d89932a298f09a8dec0d29b8b","1791174571","17021ef0"
"969953","1340787307","00000000000000000001cf0105c3620c77df92fff0d23cb5395d57170e4af932","1791173569","17021ef0"
"969952","1731812648","000000000000000000007c2ec3018e15c9a984ceb82569d06284340a2ae5d483","1791173124","17021ef0"
"969951","121364098","000000000000000000014795138e918167058c71fc563da33db958d9563319ae","1791172705","17021ef0"
"969950","3785617179","0000000000000000000105af8a4121735f9946571489e981d8d4176ef581d02f","1791172527","17021ef0"
"969949","2285610641","000000000000000000008c2d3f7bf64c293502406c59d9db6751fa2a22fabd56","1791172213","17021ef0"
"969948","301664323","000000000000000000014b36b4282c3afddd269c0bf2483ffbd10e5cb924e122","1791171482","17021ef0"
"969947","1912901791","000000000000000000019e39cfd92f84838852d14985688fc6aa8aae7617e78a","1791170078","17021ef0"
"969946","620544638","000000000000000000003d11ea71098d11ba258ba764ac82bfa347421a843b06","1791169221","17021ef0"
"969945","3760034328","00000000000000000000229aafb5baea638a825814e4cff90ca65ce43050ad7a","1791168545","17021ef0"
"969944","1900282276","000000000000000000014f0b1e1fd98c260b1e1709f15c835b840ab0ca019c83","1791168483","17021ef0"
"969943","1279090655","00000000000000000001b24f86a2c4e548855f988abda9afa300e62dae3a2d2b","1791167753","17021ef0"
"969942","3608790561","000000000000000000002bf5959780deb4eace06e649ea09edd520d68bba225d","1791167177","17021ef0"
"969941","3659064326","00000000000000000001820f8e7ce8e39691d54103a4a09b4c0c1eaec05b1aea","1791166796","17021ef0"
"969940","2240437238","00000000000000000001cb2ae75c3535c3d77c666158acb4475c64103299cba7","1791166273","17021ef0"
"969939","1622908231","0000000000000000000117a5a0b6b89b2528477bacf03c87c723e99a26aafb7f","1791165862","17021ef0"
"969938","1527682898","000000000000000000006418d986b211259fd4dd55ecc448efa800c713f356e1","1791165820","17021ef0"
"969937","4109828959","00000000000000000000a4ef15a82be6a191c3ff12514d9eebed2d7892c4ddc3","1791164939","17021ef0"
"969936","1064231004","000000000000000000017c0aec9582d607e88e77344dbf19aaa4d9d47be122b1","1791163484","17021ef0"
"969935","4261384730","000000000000000000002abd2d917b7f4cc74a578b3b962f23f490b549f14a5e","1791163042","17021ef0"
"969934","1283978337","000000000000000000002454ccb1b4931356fa52602f12e7ede7b7c0122b5953","1791162958","17021ef0"
"969933","28751312","000000000000000000003be673bb1a095bea8900bdcce22173299ad09e93d811","1791162697","17021ef0"
"969932","12853182","00000000000000000000628624ca35e3aed8bfb342f99992b56220e4eee14ebd","1791162363","17021ef0"
"969931","882907048","000000000000000000007b0ea0643b8953b763f4d870c2ea40946cdbfadef352","1791162469","17021ef0"
"969930","3104267054","00000000000000000001ad40388d76e2e7c668517a7f782853fd7533ba154b3d","1791161468","17021ef0"
"969929","3238589780","00000000000000000000c846cec53754d1d40d3ee579d57d02b2a0a2dfaa5c5c","1791161199","17021ef0"
"969928","1184732871","00000000000000000001fb62bcc43b52a62a61e080bd9ac0d7eb258f5db8d9d6","1791160982","17021ef0"
"969927","4179837120","00000000000000000001a09f3326be4a0e39d5e8ce4484aec71769cc2aa9170d","1791161034","17021ef0"
"969926","2260497126","000000000000000000010333f0adec41170e9884c31ef317d11005a91977fc82","1791160821","17021ef0"
"969925","4197014104","00000000000000000000b93c93cb321635c39d6f79d44fb5c98f93b91fe2aeb9","1791160268","17021ef0"
"969924","2585063582","000000000000000000007eb695f44b36376abc8f4fb47af3caef4ea65d4dd9d8","1791159496","17021ef0"
"969923","1326312855","0000000000000000000196c95082f33de31b145857c6b607574e06e130f8f074","1791157903","17021ef0"
"969922","1810935148","00000000000000000000e481f5a41c4bcc6907d44c15f3c8cb30c620da3cab1b","1791157200","17021ef0"
"969921","2671658429","00000000000000000000afb04c1d8ade9de7bd71ec3acd1c8584dfbabadfa4ad","1791157450","17021ef0"
"969920","2827734877","00000000000000000001925f63f5d8846d9e03a722265f2e9eed9592ac1033e2","1791156880","17021ef0"
"969919","1246343951","0000000000000000000164f17ae09969ad67e799fba1d66db5ff1788c5c76c20","1791156531","17021ef0"
"969918","1839329687","000000000000000000014d4fb085c275b4a941e7219b138fce6d3e485c41074c","1791156403","17021ef0"
"969917","1886926386","00000000000000000000fd8382a066c94f502d10572eb6649f62ed1029804e96","1791156190","17021ef0"
"969916","3028933349","00000000000000000000ff60a80554f2d28f985997bd96daa3c9a0e6f2f8cdea","1791155208","17021ef0"
"969915","3779230278","000000000000000000003d0bbf0e75631c10102faf0e50e9fc557f56a09dc1cf","1791154663","17021ef0"
"969914","2734799223","000000000000000000010df89fa19858ed34f658539983041c4ea6cb1f4d4259","1791154233","17021ef0"
"969913","527862600","00000000000000000000a66b6a8f14e9754e0288ca1aef0aff0d747d037e4fe6","1791153876","17021ef0"
"969912","2199242382","000000000000000000017391594d8e7aa66322dd241083d2b47bc81a0d47ed0b","1791153300","17021ef0"
"969911","2377846894","00000000000000000001899802aba20a8abf26e2a24c8091d52c5d5788bf1e15","1791151601","17021ef0"
"969910","89397895","0000000000000000000109e36d3ad7a2c077cae439a7483d2bcbd7689dc7495c","1791150782","17021ef0"
"969909","2322819367","00000000000000000001030df5d71e84b931ff725788e58e645c46e65010b189","1791150656","17021ef0"
"969908","740258271","00000000000000000001c0d210dbb0c04c86eaacb2ddee097864fb993445b381","1791150028","17021ef0"
"969907","1635065958","000000000000000000000578ef47a1c2f5cdc0aa696ade6dfbdc8fb0840ba867","1791149899","17021ef0"
"969906","1199857785","0000000000000000000090e2894c84e124c3c2fff045fed9423947e15de10e85","1791149370","17021ef0"
"969905","1328371827","00000000000000000001a6107e3c56676db93794a60f2bab8e09d431b75f3563","1791149111","17021ef0"
"969904","814933658","0000000000000000000140b904cdd1ce00c4aaf9b662fee5af818e7c7ac03824","1791148996","17021ef0"
"969903","33674724","000000000000000000003b369d08c58885216e0e3f7a71acee0e174ecac74ef8","1791148687","17021ef0"
"969902","4081497941","000000000000000000012e068b748855cbe9a654a1f609c4c0a02d11c98e8f56","1791148261","17021ef0"
"969901","20969852","000000000000000000006af5568baf2289cbb38006a5be3463b3b92394f27901","1791147864","17021ef0"
"969900","2080436000","00000000000000000000256df3b9ac42cfdb4cac782b0bd8a76f26b1185f1ddb","1791147755","17021ef0"
"969899","3241650580","000000000000000000017c6308c6bae448ecf0af318a3ee313c62a0928d82296","1791147549","17021ef0"
"969898","2919588894","0000000000000000000041e62bc3173ad3c2e5e63514bf9fff5e5c5c373aedac","1791147127","17021ef0"
"969897","1737049786","0000000000000000000080fb5c3bedc989dc51c579d54e471f7fde06089d72b3","1791146961","17021ef0"
"969896","1472879211","0000000000000000000132a62b187c32b3451c4f6abfd71ad58afc283a355ba2","1791145676","17021ef0"
"969895","2906768668","000000000000000000020f736f96eae65babfeacc2a0e1c8683749c536e1e56c","1791144804","17021ef0"
"969894","104115747","000000000000000000021715dff71b46911e55f0da5cb77ff1066648b3dc7060","1791144181","17021ef0"
"969893","3493977063","000000000000000000018cfe2b40f093f69edea7d324d08c4df7e93b18e05e19","1791143539","17021ef0"
"969892","2831510161","00000000000000000001c8c7c2a88ab4f71473c24a321729f793406aa4a81a35","1791142944","17021ef0"
"969891","1079875994","0000000000000000000178ac6f782c9556d1a4b56aa12d760fcac53353c9e87f","1791142786","17021ef0"
"969890","1017369004","00000000000000000001f9e68e09444640488e0b12c57ecc06fa7d79df87bedf","1791142529","17021ef0"
"969889","2860999941","0000000000000000000178aae54613dfaf81dcd844d8e8e612c42bd60e5d46be","1791142356","17021ef0"
"969888","2084838552","000000000000000000009c4117126f6f55cf27e4b4da28ac106b12130a442231","1791140790","17021ef0"
"969887","2221682093","000000000000000000001355c37c4ec038dc9b876af5a435343ac3e261250f2f","1791139536","17021ef0"
"969886","3521287760","00000000000000000000fe1db035beafa82788b0f3ef622be04f4052f381906d","1791139225","17021ef0"
"969885","3759807636","00000000000000000000502c98b7049afb63f5935170ecf8ed8d0aa4e55ab70a","1791137030","17021ef0"
"969884","1021701804","00000000000000000000960222bb26dae4969e0e1f13cb9dbbf51795e1f859e4","1791136250","17021ef0"
"969883","1175114026","00000000000000000000ddd31530af080984611d6a87272c0469a6eb25be296a","1791136084","17021ef0"
"969882","337416607","000000000000000000009849e6ac32e8aa16ecb321e1cc03394872583547189a","1791136070","17021ef0"
"969881","222619800","00000000000000000000be4856290f7da29761dd5621fe63eb6df4403e071f58","1791135974","17021ef0"
"969880","663035286","000000000000000000014dee9cbb4ef465cf7824487685b9048be9afb3ed1e71","1791134380","17021ef0"
"969879","1197292090","00000000000000000000808a75b378f9cae7bacb301382cd6e9b376b3418d5cb","1791133872","17021ef0"
"969878","1498177611","000000000000000000019295738ce08d18516d9ea690abbb4948c63ea09424fa","1791133759","17021ef0"
"969877","882006098","00000000000000000000718a8a25f072d225f9c969367c8c96069ddc9ed91bd7","1791133278","17021ef0"
"969876","2416782628","000000000000000000012d19498c55fdb7b676947e449b3cdb17dcc63e214d14","1791133260","17021ef0"
"969875","3980252042","000000000000000000007ad84e8a08fdda386897bd23c11009e93f3810e532b4","1791133039","17021ef0"
"969874","364902015","0000000000000000000006c89350cb9a292cd260500e6eb17a46315bb501e9e9","1791132887","17021ef0"
"969873","2902445558","00000000000000000001f2a0c825deba398c158790ec5d170eb8c3bad87c93d2","1791132010","17021ef0"
"969872","625236859","000000000000000000011adf110ec0d59a968173f031c6798f71ed33bf5e6097","1791131391","17021ef0"
"969871","2700332631","00000000000000000000e4286104a7e99b485b3631d9b66d2a5a2ca538b1f90f","1791131103","17021ef0"
"969870","2283404247","00000000000000000001bdc1f599c019b31107ce968f335e7265c770782239e9","1791131048","17021ef0"
"969869","3401713954","00000000000000000001bc07856a4f4dd7a05eef29db37c36d578fb1a3ceb338","1791130883","17021ef0"
"969868","2392656456","00000000000000000001ee5507d1de30760f0950790c264a14f77253f4db9e83","1791130347","17021ef0"
"969867","76389462","000000000000000000004c5260a4ed47a8989f647286c9111fbf66f4284794f3","1791129409","17021ef0"
"969866","3443506851","000000000000000000016e1758158793a88e571ae7b51ca45614c7a1c33c7983","1791129533","17021ef0"
"969865","3476376911","00000000000000000000faadee7fca154253ae78aec00f51101d40ac615bedbc","1791129111","17021ef0"
"969864","709901011","00000000000000000000a7456c79bb0bbb60dff04599d86574e4491f3b10de95","1791127081","17021ef0"
"969863","2249254575","000000000000000000001b6ae090dcbff6b4dc19cb08c8d3672fa9e10df6449f","1791126368","17021ef0"
"969862","1150077417","000000000000000000011d98a39fd0a82810a3a7e8d2f6fc74a437ef295e8abc","1791125995","17021ef0"
"969861","200982472","0000000000000000000199f82863f70da5f3f2f04f6a9f9161ab43a857d6b7d7","1791125754","17021ef0"
"969860","20094148","000000000000000000021172cf9dff46a5b9c878d233d44a26cc1151614f20d1","1791124133","17021ef0"
"969859","4249287455","000000000000000000014254c86c9e14ed11215973e75f2c580efc152bb32cf6","1791124132","17021ef0"
"969858","3428593475","000000000000000000009b8d0d58ecddd22dc9426ad9f6aa8935f18d7071de07","1791122604","17021ef0"
"969857","3207067480","00000000000000000000ead5f66b412664314405c5cbf8eec247f8fb414f050c","1791121118","17021ef0"
"969856","3090486585","00000000000000000001caf48c64e5a30279bafd3ee1756eebbd1a768c9aa4e5","1791120879","17021ef0"
"969855","3784388951","000000000000000000003d932813d328b1c8c269f7908af2c08a5192f8ae435c","1791120432","17021ef0"
"969854","1844097362","0000000000000000000067e38777ea76fd77156fd4c967e66510dfa1def4fa66","1791120392","17021ef0"
"969853","439934578","00000000000000000001803b8218dca3bc9126526fcee0d1c067f5a731ffac33","1791120224","17021ef0"
"969852","3764857433","00000000000000000001ddfd4d40b4e4ae04a18cc072dd37851ead2eafa02903","1791120197","17021ef0"
"969851","2222996801","000000000000000000014c680c18b1d208b2a8d282ee82af9ab4b5897fe999b4","1791119624","17021ef0"
"969850","1655799198","0000000000000000000127b03abffda69e34b7057241618b1076c8abd011bf62","1791119545","17021ef0"
"969849","149569376","00000000000000000000a373b2a8540a884826eb2cbcb6ad6f1466be56613a79","1791119370","17021ef0"
"969848","132548099","00000000000000000000faa46a2fab027f46e89cd4dba969f4e7bb276a90a803","1791119193","17021ef0"
"969847","1790506841","00000000000000000001a38bbe781929a58336d5a58e04e3318ca4172dc63a06","1791119087","17021ef0"
"969846","1092838601","0000000000000000000187df6b22c8c374f9c65da51138abf1f8036c3012269f","1791119061","17021ef0"
"969845","3824904110","00000000000000000000c41248d42c0e906c3a0cdb5ded1b88c1bf73120f1eff","1791118490","17021ef0"
"969844","1027174463","000000000000000000014457ca6dcc6d095cce3b94dad8e04e88696299922136","1791118381","17021ef0"
"969843","1594756946","000000000000000000018701081f5526986643a6babf4e0b3208878417925e9c","1791117495","17021ef0"
"969842","2276119658","000000000000000000012fa65ba6148bc8e7347b860fab8a0e30ffb27c609e58","1791117315","17021ef0"
"969841","259412243","0000000000000000000037c455ed24dc67f03d2c8c73a4286e9f03a44035de46","1791117218","17021ef0"
"969840","1999004066","000000000000000000008ef28c2340138d25cdc0c4105b371afc992061d5e9ae","1791116461","17021ef0"
"969839","2407025200","000000000000000000013a06b2daa5d0cad2091e970269f88f8ecd3dd13ada41","1791115196","17021ef0"
"969838","4003825949","0000000000000000000114f311f1cd4dd0246d653bdb8579c08d072115bf2917","1791114443","17021ef0"
"969837","3045096294","000000000000000000013c844d47fcc8c8b4f36c46ffb09e8cae585b4be0a74a","1791113708","17021ef0"
"969836","3046549824","00000000000000000001c38d5420e89240e7680b3b1ccda369e8208372454ee8","1791113645","17021ef0"
"969835","1347889646","00000000000000000000cfda1d478b009ec12465c34a66c8b56153243efe767f","1791113396","17021ef0"
"969834","716469971","000000000000000000007bc1b60051d36e593f2adf187d016d0c37d087114382","1791112861","17021ef0"
"969833","1929217028","00000000000000000001f23c7f7540ec9b10ec34af251f5fa8a98029da3868cc","1791112591","17021ef0"
"969832","1352805810","00000000000000000001a6a02fde2ac838efa4e1c34bfa85f54571c1d8b8aeec","1791111904","17021ef0"
"969831","1265304763","000000000000000000014dcddd793b5cfd7ff0e0d8a43f68ec6eeb9dc4cdf6a6","1791111750","17021ef0"
"969830","239858855","000000000000000000018a0de40dcb00645e06e1292be80e11ee4c4b71aae198","1791110890","17021ef0"
"969829","328348507","000000000000000000003729113f2e379968b2d9a3faab8f124d8690daea5c0d","1791109124","17021ef0"
"969828","4221484513","0000000000000000000069ab5681058dc848db98082e15429185f13ecc8fd0f2","1791109135","17021ef0"
"969827","963117170","0000000000000000000056395c1a73ca499054537ba8939c24162293fcbefe6b","1791107878","17021ef0"
"969826","1233230038","0000000000000000000179b1e973565d3abc005fdb0321a980e870377607542b","1791107713","17021ef0"
"969825","443496215","00000000000000000000f5bd59bdf575829f3bd41923b945f9711a4dfb973c0d","1791107360","17021ef0"
"969824","3347284606","0000000000000000000219137ce6b558da3de58c6e9dce0dbc734a0677b10188","1791107034","17021ef0"
"969823","952973598","00000000000000000001f159b4704d67f8cb9be03b3992db89d1c5702861bcc9","1791106384","17021ef0"
"969822","2127267484","00000000000000000000cfd9222979022a024e0f6c41a4373722e29aa672de56","1791106012","17021ef0"
"969821","493587457","00000000000000000001214d0fc3570e17898318b8a03f2e74fa05ccdaf5145c","1791105765","17021ef0"
"969820","3561956702","0000000000000000000001ac98450ee576b49b17ca53040604c1edd02c6ea77e","1791105694","17021ef0"
"969819","2481762713","00000000000000000000b3e3c6b5731323f737ecc29b1548ad24c69d242ff0e1","1791104850","17021ef0"
"969818","50637885","00000000000000000000a7d2f726a0eff6a6cedd1cfc4bd80978c6a587ee19ff","1791103638","17021ef0"
"969817","2688369618","00000000000000000001e554d871326ddf65d0d9da977fe37134361571f293a8","1791103556","17021ef0"
"969816","422011970","000000000000000000015022764803ebe0da738b4517fd10930d7f96edafa5b9","1791102967","17021ef0"
"969815","2140071384","00000000000000000002148587e55ae7091bbfe641baabd5503a36fb732de3ae","1791101234","17021ef0"
"969814","726384389","0000000000000000000194c285d5079bac9cfcf65221c31a61d89e90e7acf5ef","1791100963","17021ef0"
"969813","376823804","00000000000000000000cc447f343d59bc3096fb5d0973407f9b447b143726c9","1791100703","17021ef0"
"969812","2209374784","000000000000000000001ad8748769a44ea046a83f4bd80ec9ce7d6b26c31859","1791100690","17021ef0"
"969811","915676883","00000000000000000001ad1344805bf4de93d6ec2afa3f170bbeb177089283ab","1791100058","17021ef0"
"969810","2720748558","00000000000000000000beb9ed4207451ef4d15b9340f33e7546cfeba2af3dda","1791099921","17021ef0"
"969809","3148347323","00000000000000000000a39cb1754c89910e511199f247cc53a1171ac86ebbf3","1791098604","17021ef0"
"969808","1614858476","00000000000000000001ebe3395852aabc78fa12c65ee7d7ec982d007f65a313","1791097560","17021ef0"
"969807","2430264192","000000000000000000007f118968f9b58bc69b3be7462fb52d4ef0a240c04f25","1791095915","17021ef0"
"969806","1323425803","00000000000000000001fdaf5c8bb472905e5f7d07d61db0224ef7c7cbb3ed77","1791094004","17021ef0"
"969805","3365489485","00000000000000000001bbc2841099e501d370266206aac3f30ac64976f59117","1791093569","17021ef0"
"969804","3452787193","00000000000000000001945c5b6a07790bda63fb8bafde64c822766f1fef63ff","1791093076","17021ef0"
"969803","113634484","0000000000000000000174bde09896480611152a6faff8ca8956f0718aba76d6","1791093034","17021ef0"
"969802","1709094015","00000000000000000001d195ef23287928a65adbb02f71f093db21982dc84b11","1791092062","17021ef0"
"969801","3648873060","000000000000000000016b07f650cdd65a85cbf64ad0815036b9087c241c3a39","1791090169","17021ef0"
"969800","2678539632","000000000000000000014296eb58f0540eef4b66790b04c1797a377db08aa9b0","1791089942","17021ef0"
"969799","2876492660","0000000000000000000016dd73a63692bc3e28a02f83eb32b2cf76f008dc405c","1791089848","17021ef0"
"969798","221112791","00000000000000000001930b4f3744bc1a1ae7a6dd7a5035d7febff9be290a4e","1791089183","17021ef0"
"969797","2677846495","00000000000000000000237ba208fb726cb75eea1cbd3cf2045afa96f87d4c8f","1791089024","17021ef0"
"969796","2374560345","00000000000000000001f8728bccba4bf7c544430a3af94903e13936d6d62262","1791087583","17021ef0"
"969795","2498266108","000000000000000000011c57ee6cf111394e6b68c6b127d34a03ead93adf08ec","1791087023","17021ef0"
"969794","1742268326","000000000000000000001db4b45e722fc396c1e72050533463144cf18dbafad8","1791086576","17021ef0"
"969793","2336157431","000000000000000000016e99a2b294119034f9272a89e8ce9b54519a02ab1167","1791085351","17021ef0"
"969792","3091521908","0000000000000000000060fcc11913981d39f4b294b854307e8ae4e54a6a27bb","1791084083","17021ef0"
"969791","605486813","000000000000000000020be87f48798d74f40d4ad1ae0e3b200d63716241915c","1791083801","17021ef0"
"969790","3432590416","00000000000000000001e8d092d7614dbfaeb003a6d8d3d253d9c5d47908eb3c","1791082466","17021ef0"
"969789","4008304099","000000000000000000007f652481c4bb52917f01d9825c30a24e87d70d6ee944","1791081541","17021ef0"
"969788","357293575","00000000000000000000e28fa3974b5f1322f525d5a8aaa9abcadf8847d53a09","1791081508","17021ef0"
"969787","559969132","000000000000000000007c648a9c3f127d4c61971f119cb5fefc46eb84d423a2","1791080258","17021ef0"
"969786","2274203187","000000000000000000006f69fca5ea77d0724d07b950af303a0be2290284b6f4","1791080209","17021ef0"
"969785","3633976254","000000000000000000003d6b8ad30c2e822c9cf5198f4139c2e5875a9908e0d5","1791078508","17021ef0"
"969784","2356532891","000000000000000000015923ff9771f49f3cc2c61dad2f4f967b68226c7736c0","1791076285","17021ef0"
"969783","2213986571","00000000000000000001f5156b6bd78db9a946ea0e74f086e2379b6495e33982","1791074182","17021ef0"
"969782","3079812519","00000000000000000000d44003c4fbce58052e503411eeb8691ed3e712a64ccb","1791074017","17021ef0"
"969781","1541886202","000000000000000000001f8e32a77d82d5b02f70e53251ffafb7a980de2ce49e","1791072703","17021ef0"
"969780","2084758404","00000000000000000000b17f2f1a0fe7935d5e9d1401da58426bc1cc23f72917","1791071780","17021ef0"
"969779","4255254388","00000000000000000001d07268a5d85585d2b5ae416ec591e20f5741718cc6ef","1791071758","17021ef0"
"969778","367029621","000000000000000000003a2ca37e47607a8f2aa0ddc296786bcdafee61507b34","1791070844","17021ef0"
"969777","1703830740","0000000000000000000045fd457603b2973939da317f0e63c8670f9c7869db09","1791070491","17021ef0"
"969776","1192143373","000000000000000000006293a58cfeae54bfc04563e6523fb49b52fc4b89d0c0","1791070385","17021ef0"
"969775","1743024074","0000000000000000000213a32bf38f865a1de7e44ccd70bcf24f025923e0ee1a","1791069978","17021ef0"
"969774","2088464709","000000000000000000005b0bae4ce9f7501c424cd794ae88c4e3e3afb3807b3b","1791069238","17021ef0"
"969773","1470594768","000000000000000000014127a97e9520bcfc8706b716d063f81b61739012b37d","1791068803","17021ef0"
"969772","1626616550","000000000000000000013ba705854621209436e92165740a1f1eeb76e7818fce","1791067981","17021ef0"
"969771","706301275","00000000000000000001e14c3ff17ea5233dd590387865bdd1f677dfd102e6c5","1791067117","17021ef0"
"969770","3546038027","00000000000000000001c7382ef0023fabb1e10b994925d1eed640a6ead079c5","1791066811","17021ef0"
"969769","738121275","00000000000000000000bf9835db0eb05af59af2542166f7130d1ee652e68b04","1791064602","17021ef0"
"969768","3862446432","00000000000000000000894b06f7d85059c8685dfce5d9cb61e90f3a80dfa3b2","1791064099","17021ef0"
"969767","433665314","000000000000000000012a8b51e5a13cfd11ca4b73992c9ab82b82c99388e699","1791063621","17021ef0"
"969766","781521204","000000000000000000006f160165d6462de6e55b7411dd9900a1e9b1977c6102","1791063356","17021ef0"
"969765","2129467070","00000000000000000000e37d5684f141df0a1d8605a751c72f784fdffc32741e","1791063308","17021ef0"
"969764","3277539776","00000000000000000001c5a7847add8d248f37f6cbd7305c9f7438be1764c60d","1791063129","17021ef0"
"969763","1402063578","000000000000000000006518c9982fa127f4ca2306c50bff66cccbc88bd65310","1791062285","17021ef0"
"969762","941483256","00000000000000000001fd9fc8b04c58e41cc9f0077d8c9c87e868d2a7dc790e","1791061916","17021ef0"
"969761","1853336664","0000000000000000000191c75f579c912d660cfdc2e149e344194af0f1e44859","1791060967","17021ef0"
"969760","2166307375","00000000000000000001042088a94cbf0431130596f643180f2770ffa234e9a8","1791060286","17021ef0"
"969759","453204564","000000000000000000006b361b6550b18bbf46109a30f23ab8603694c9914425","1791059073","17021ef0"
"969758","387336380","00000000000000000001040227843ad767fd64a490c923de13fabaf711b564ed","1791058516","17021ef0"
"969757","3791698546","00000000000000000000b6307cb2701d63630a523f720031118d56e7181d77a0","1791057996","17021ef0"
"969756","4013449772","000000000000000000009feed9faf73f5184cb7acab3461a79e6ecd07cea4ad0","1791057176","17021ef0"
"969755","1852777185","0000000000000000000140f86cbe2f0b19a5dec8ed5bd169f5cbe15ae30fcb8a","1791056744","17021ef0"
"969754","3531098891","0000000000000000000082ee84cd9af2f8d3a1118ac4bbd3846ff132fe1287fe","1791056457","17021ef0"
"969753","1782891794","00000000000000000000c55e9c08d89c7fdaec656e0c49132e4c853d363f8b4e","1791055717","17021ef0"
"969752","590045649","000000000000000000003e5a6b77578b091ec4bda168e01da9377a6904d9937b","1791054053","17021ef0"
"969751","1310935930","00000000000000000001a8861740fb02fd413d4199a3207478785fc8b3487885","1791050384","17021ef0"
"969750","2220553127","000000000000000000011ad3c91c8f7ee0fd1f7b28cf76fe45852f2110ed41a2","1791050261","17021ef0"
"969749","2840719384","000000000000000000005a2c216e5726543344dd22d1094255e49870bef203c8","1791050085","17021ef0"
"969748","1055302349","00000000000000000000045a37b23193fe70e237ddddf4b28c761d75534f909b","1791047545","17021ef0"
"969747","3458523922","000000000000000000017c57a8c7502feabc958dc676566512fb869ed15a092a","1791044950","17021ef0"
"969746","4068056582","00000000000000000001137d454f90c2693085b6d9cb3f6b5826118348b41a9a","1791044949","17021ef0"
"969745","2389396724","00000000000000000000f53b5488cb3211e001e83f20cb69120e2fba550cd470","1791044375","17021ef0"
"969744","1965884449","0000000000000000000027e805324eb23364e51bca7ac0a609db8a6b04a3ddef","1791044270","17021ef0"
"969743","3188358569","00000000000000000000405b74e67ca8f0ba5b4c37981c6366c77aaca4600cac","1791044141","17021ef0"
"969742","483354974","000000000000000000016042a2ba861048ce7f1e46420d8929c2e0270389b64a","1791043896","17021ef0"
"969741","1965587001","00000000000000000001c6c648ad16e18245423ce98fb9474412b6cc569e0fc6","1791042261","17021ef0"
"969740","2276045858","000000000000000000005af574c5e0f3b44daed49b72c1ad667b0bc78020c562","1791040909","17021ef0"
"969739","203981687","000000000000000000012082c2c43d78f342191e91bef91e18b9036c64c57400","1791039904","17021ef0"
"969738","3227398508","000000000000000000004b5271d50fbf0b7ddc17ea63bcde68493260485fe871","1791035782","17021ef0"
"969737","3558053891","00000000000000000001bd818225edc83d200214654792100e4659de490de712","1791035712","17021ef0"
"969736","3274632502","000000000000000000004664df069a86895f76b45dc8fab3b3255d585f5c1b78","1791034674","17021ef0"
"969735","3684941465","000000000000000000001360e00202270806b7627a54e35e8a592b90f308b404","1791034621","17021ef0"
"969734","1584803354","0000000000000000000039490bcc951aa812dc2c2262fe7eea7bed2b9ad62c54","1791033917","17021ef0"
"969733","1824264731","00000000000000000000dd0b70fc69408e4be7a3ce3b9ba671340b178000501c","1791033633","17021ef0"
"969732","2294782316","000000000000000000006dc605face4c2f15dc2dac77f38e1897d65ba3b42bde","1791033749","17021ef0"
"969731","4286259921","0000000000000000000217ea54ecbef94d5ba8314eeb7c328915383cb2c23300","1791033440","17021ef0"
"969730","4222135417","00000000000000000000b4f5065561615a1e81fc70dd560e1fa29185373aff67","1791030477","17021ef0"
"969729","562892107","000000000000000000021d0251a8c10e2efb31ce60664748718fb8ea479bdb97","1791029700","17021ef0"
"969728","2464465856","0000000000000000000150443e753415f20a699d7521045086783430dc9b5388","1791029141","17021ef0"
"969727","2159245096","00000000000000000001b46e79a23b9b55a5948c5e3abc77d7a46c312b3b8df4","1791028507","17021ef0"
"969726","575890713","00000000000000000001dc9032345e379749a05d4c99d04ab37fbfe6f1b72b9b","1791027213","17021ef0"
"969725","717800960","000000000000000000015099ba61fc49af5601df3cc4a43c8e32aeb0ab5351e5","1791025804","17021ef0"
"969724","2186548955","00000000000000000001eb12b0ee2bba9aa8756fda534ee1f7e8c37a2eb863e9","1791025540","17021ef0"
"969723","2020152359","000000000000000000008322244bfa00b71bd5c36aa183e4cb5a3f2d67bda1de","1791025459","17021ef0"
"969722","115036738","00000000000000000001caf3c90a14205d985f7d0207280d2eea471f74ac0500","1791025203","17021ef0"
"969721","2862715668","00000000000000000001c3069190e05449bb8564562e3c89a860846b33f68046","1791025191","17021ef0"
"969720","527989464","0000000000000000000040a85a41896107e055f7f423465829bcf94d53ddf411","1791025089","17021ef0"
"969719","3908754535","000000000000000000019b0c10045a25dc784fae5d380c9fcbb72e20dd7a2960","1791025063","17021ef0"
"969718","2698623807","0000000000000000000112d773ab678888c1816ab098bbe92d3813ab23eccc16","1791024692","17021ef0"
"969717","4042919991","00000000000000000001ffc80f14c6109df0c60ae45957f0f22e736914cfb276","1791024538","17021ef0"
"969716","1357027570","00000000000000000001800808edcdb70b38a9030910e81b28b6541e173a052b","1791024298","17021ef0"
"969715","34184740","0000000000000000000027abdcae0bf024afacb975bb8e05a1136aea7232b8bf","1791021574","17021ef0"
"969714","810430752","0000000000000000000006e7df5a92ed0892d4a47746698ae5862ce975df7649","1791021445","17021ef0"
"969713","1069129673","000000000000000000019ad9527131aa31b90ef7ddda77b3bc68cf3c1bd699d2","1791020723","17021ef0"
"969712","2588243203","00000000000000000001c67cc84fd300872fa702e6636ba5a5afe5f0121774f5","1791020545","17021ef0"
"969711","1280822034","00000000000000000001a0388369f5558975ccb2b5465a200fabc2d6630c71f8","1791020617","17021ef0"
"969710","2447577245","0000000000000000000022d82ce5518109161bddbbc5054183781ba8662b6a01","1791020202","17021ef0"
"969709","3460920741","00000000000000000001b341217da0292136018838698ef0a8f54c00eb62f642","1791020053","17021ef0"
"969708","402013701","000000000000000000011795507d143f2f7f1e0299a7da757ebd46cdd631ef4a","1791019900","17021ef0"
"969707","819826248","000000000000000000010ea14c5557d36c5c08021fce1bccebf64e81b0e9c44c","1791019884","17021ef0"
"969706","1390771973","00000000000000000001acb4a4a77d3b0f8c2a72934cbdc2eeed12cad753719a","1791018914","17021ef0"
"969705","2296704215","00000000000000000001374305025001fb39cb3d1dcf6d4608dc6254f3413a4e","1791018819","17021ef0"
"969704","741303492","000000000000000000017be0512bcb21b1f110d3d18ace6fe3424099adba2f6b","1791018101","17021ef0"
"969703","3839956842","00000000000000000000b110407e3ecebfa7b0ff653f7b0bedb4d43fb738f672","1791018167","17021ef0"
"969702","2790792740","00000000000000000000df686ddf5df81ecdf7fffd9ffba99361a0c631b607d0","1791016260","17021ef0"
"969701","1151193139","000000000000000000000b5a2938dfc2df8db72b2bab5e2bee2f09a5afc3d9d4","1791016010","17021ef0"
"969700","2586200878","0000000000000000000082d7034deea63b3dfaf8d89b5b4bdde4a034e07d8fa6","1791013477","17021ef0"
"969699","1652171557","00000000000000000000a7c5e8fd959d0fe754441b86b4fdf2a88cad36e39a7d","1791012622","17021ef0"
"969698","1389338427","000000000000000000012599a69bf34cdf2ca82117442064fb579a0260b30328","1791012479","17021ef0"
"969697","3611570300","000000000000000000017d21734b8b31a4ab67235aed7dba8bb5f2f31396c1e3","1791012395","17021ef0"
"969696","161796985","000000000000000000001e39df127cbab82a824ac43cfcdbf62e59f6a08b9f0b","1791011796","17021ef0"
"969695","238173720","00000000000000000001438062096e4055a0de69e2a56a3b69d3be5a140974ea","1791011720","17021ec5"
"969694","2934566912","000000000000000000001b30f685cc056b7b405c36fbddb934b506b2193e42c8","1791011664","17021ec5"
"969693","2723881100","0000000000000000000071611bb74406c6338f1460a2c389da12f2c6bd7afa39","1791011604","17021ec5"
"969692","2033474308","00000000000000000000a64e1ed77cc8ed6efc29d9c1ab9c9a2d1ccf38b5bda3","1791011033","17021ec5"
"969691","596417654","00000000000000000000ac0142e8f76f15438fe0e2ecd92472f724cda287c72f","1791010706","17021ec5"
"969690","3756269928","000000000000000000005d7479c5bcdfc64318674854e134ad95b9885ff0e4c4","1791010445","17021ec5"
"969689","3301840903","00000000000000000001ec24157b04f7248da81679488952e2971bd4a87d67e4","1791010220","17021ec5"
"969688","3125062145","00000000000000000001ea30e09b52e5c6b65ebd08c1659778d66fdd45431f22","1791010080","17021ec5"
"969687","1397488249","00000000000000000000c7704c9be76e6725b983edc5a3d91e03681fe4b89999","1791009272","17021ec5"
"969686","18369419","00000000000000000001cb826a16ccfa8ab913f5346f8c387cfe65c16629fee3","1791008952","17021ec5"
"969685","1592549541","00000000000000000001d1aecd7b563073650242184ce0b67ce4f01c26008c9a","1791007834","17021ec5"
"969684","2396339917","000000000000000000016ea8e0e52173b511667ccc8aeb460e6c2bdda659ca18","1791006931","17021ec5"
"969683","3188565480","0000000000000000000116302ebb12f1a31f8875f8da97965ca985a5d4fb058d","1791006691","17021ec5"
"969682","2679757004","00000000000000000000ed99148218592346426b89cc0ff17a45f87cdb0f1839","1791006265","17021ec5"
"969681","1261435291","0000000000000000000117ce66fe52ea9dcd22d47f2b7ff905b21f79a567ab56","1791005893","17021ec5"
"969680","3820836574","00000000000000000001accd02bdfaed5e1a55543b2fd7554c2e1a0ab895937e","1791005285","17021ec5"
"969679","1295421102","00000000000000000000c4b2da6fb18e571d133325b6ecfd092fafdc78cb6a07","1791003826","17021ec5"
"969678","1338736117","00000000000000000001f4cf8d5a1c3542dd55b20614d6bbe9e7de782d8dadc1","1791003406","17021ec5"
"969677","1618251881","00000000000000000001648368e15350576bffb3fe0df4e8d4f5933b3fa6aa3a","1791003028","17021ec5"
"969676","3424441378","000000000000000000005f2082782e25aaeede6f61a34316defa7060a8cd3f04","1791002527","17021ec5"
"969675","3620905083","000000000000000000018cc9ae08e8a5a29f2defe928f625cdf4633281df0b92","1791002442","17021ec5"
"969674","3091434122","000000000000000000021e406084d68eb6a1adb7827c776bffb3144fa93519fb","1791001700","17021ec5"
"969673","4070078628","0000000000000000000065a8976094cbd24a10e37df71ea8a1266585ce84dcad","1791001560","17021ec5"
"969672","1615501676","00000000000000000001078776b45b68166245fb8af7b6062e0c999e0e9f3bbf","1791000685","17021ec5"
"969671","2337556638","000000000000000000001eda30efebbe6c1704af5bf7619b5490e5ef37e7a804","1791000517","17021ec5"
"969670","2528511413","00000000000000000001be4a6ec7c89a4def07c35dec60a6aa79c6e3ae06c49a","1791000466","17021ec5"
"969669","2421860635","00000000000000000000e3f92bec92a336632cb8ae8505aeea153c9a16266f3f","1791000055","17021ec5"
"969668","4204677044","0000000000000000000125b8452d4aab3bd2baaa0b66da83d8bbb4f6f820fe72","1790999385","17021ec5"
"969667","3902608717","000000000000000000008e819452adef8479d77b2ee6e148b46b9d3f66db5590","1790999157","17021ec5"
"969666","1201630821","0000000000000000000001c6dafa05d4bed4961a5ace0a3c687b2a0ff7e04d8a","1790997553","17021ec5"
"969665","547075654","0000000000000000000168504ba58f98a83d1eaeacd275e4a4800f0a9d363e8d","1790997339","17021ec5"
"969664","973937060","000000000000000000005696ab6f30da76e9b9c09845d00935ac5958c6659c0f","1790997039","17021ec5"
"969663","1751166065","00000000000000000000bd29ae24448f5e354202ba1fae506a4c62cb22a282ca","1790996172","17021ec5"
"969662","1225249606","0000000000000000000163c1e99e49b83d69714835912f24050ee5b3605261ed","1790995168","17021ec5"
"969661","3767139828","0000000000000000000034ea9ebcf8f6235b664d310562162c9a573f6c05de65","1790994996","17021ec5"
"969660","3258015399","00000000000000000000f8f3b8271160bdca59e2bdacef7219f06ec3c4e19873","1790994839","17021ec5"
"969659","1163378620","000000000000000000004dea233f59fb5f4784274a17f4e756410d4fdc6ec354","1790994722","17021ec5"
"969658","1360020437","000000000000000000019ee84d0e62421c2cfdb47b80b2a2b74be4f772792b8d","1790994281","17021ec5"
"969657","2263018829","00000000000000000000f5b637d6cae8dcf543686374850238d937e7035600c4","1790993937","17021ec5"
"969656","170283038","00000000000000000001b2567687762e4ca34b4851279f8c38017839624283b0","1790993786","17021ec5"
"969655","2838039862","00000000000000000001cdf399668e002d19fa8372bf9591bc58f7d827c1f12a","1790993473","17021ec5"
"969654","1364468147","00000000000000000001d1089b6e65f82920745817f6c414f7818ac7a5012026","1790992854","17021ec5"
"969653","1796964880","00000000000000000000a233c74e0e31d6bbc07539929b13d2aea4f13ac57a10","1790992203","17021ec5"
"969652","2322613526","0000000000000000000042cabbcc038755571bc7cf3e960b81843ab3e93bdb82","1790990149","17021ec5"
"969651","301019682","00000000000000000000534c44383092c19d9af53f7c14545241b8f794f41c0b","1790988815","17021ec5"
"969650","2844785622","0000000000000000000104cc8b45b7fcb373fe7b5ccea4d741f62767fea8d21e","1790986810","17021ec5"
"969649","3881610008","000000000000000000002d9f9466090bb42f79e3a6744fc0f6d288ba1e0c6742","1790986766","17021ec5"
"969648","533402946","0000000000000000000117127199fa73453af2964582e499312d3167c8445f9a","1790985791","17021ec5"
"969647","4028724667","00000000000000000001e0d8bebbbdab6ecb958c6061eb3b83f58ac7bd4d8b61","1790985759","17021ec5"
"969646","2827023712","000000000000000000003e2e19f98eb74dcc6cc72b1b8fda0ce6aa6dc69059de","1790983847","17021ec5"
"969645","3251169286","00000000000000000000ff3aa843491c10c4bc75aa66fd8dd8462df9f447d757","1790982983","17021ec5"
"969644","2582433313","00000000000000000001d659263109e0eb192ae33d86d279ecd361e05dce93c3","1790982475","17021ec5"
"969643","20269393","0000000000000000000067f9ec07ca07de2884321142da7349d6c15e23ccf948","1790982179","17021ec5"
"969642","1683211596","0000000000000000000151936368a006abcac0508729f299007922745b9077c0","1790981964","17021ec5"
"969641","1980590590","0000000000000000000030cc31abc9f3dcb08d93498c6b65815fd83761f86bd8","1790979584","17021ec5"
"969640","4107860497","0000000000000000000037cbe181a3a1c8323641b49a2081f78627dcef8cdcd0","1790979530","17021ec5"
"969639","496645085","00000000000000000001fabb4d64452931782cc677f4ad2de32e4cc4dee7a267","1790978906","17021ec5"
"969638","3664192860","00000000000000000000376b260d9d4409fcb2e4cdadd31ab9f54fca47f5bf2d","1790977992","17021ec5"
"969637","3572522898","00000000000000000000cf92e07f4d276042e21bd53a624c01e72de147481949","1790977219","17021ec5"
"969636","1877113269","0000000000000000000069b77b759e654c1bcb9be61f69c26228de706f4a9929","1790977116","17021ec5"
"969635","347927781","00000000000000000000422269c3a4fd97adc3aa12881151a8da73e916c6e6a2","1790976894","17021ec5"
"969634","3306646326","000000000000000000003a419f4707cb93fb61009a7e62d37881885a333cbafe","1790976127","17021ec5"
"969633","761142791","00000000000000000000f5b85fe0f893978ea9ad1a2748000e7492fe29afd279","1790974024","17021ec5"
"969632","3735200151","000000000000000000006635e0767377b25726bbd8df45d4a02e9e80a64bd505","1790973844","17021ec5"
"969631","4288935898","00000000000000000001be6d184ef900808c44ba0b27bd498ee0cf4caf912ca8","1790973728","17021ec5"
"969630","1580039843","00000000000000000000e72a6285875eaae032d5b8a610c5a9e9675515381df5","1790973497","17021ec5"
"969629","1545798852","0000000000000000000177e822e478533258e87a8534f7de9cf06a16908dd8d6","1790973306","17021ec5"
"969628","3012182180","000000000000000000015e6ca9cc235bffa7a52aa5689c77e14232bfd889bf28","1790971728","17021ec5"
"969627","406247106","000000000000000000000d8e10dd470dd91b1125eaef9ac881f931e3152b426d","1790969853","17021ec5"
"969626","1497309987","000000000000000000004e55d3b6d8fce70f548eb8500b0d785539a9570fe790","1790969543","17021ec5"
"969625","108134240","0000000000000000000141092a3052e65ab23c61cb1c65581143b46aab3dae0d","1790969485","17021ec5"
"969624","484781616","00000000000000000000306d253efe92d50f92e9700053d091270be72abce00e","1790969370","17021ec5"
"969623","1955415381","00000000000000000000c84e5548e629402cba1b9c4174e33311ef13b2cb9dae","1790968602","17021ec5"
"969622","2754660676","0000000000000000000131a3210198e2cfe073d6b935eaa5a5376e9e3aad156e","1790968594","17021ec5"
"969621","3293189522","00000000000000000001a6d9fc905f995641c52f165c2c5b9218e09f7dbeb8cb","1790964947","17021ec5"
"969620","1750697439","000000000000000000019393eb25a997c3ed0842dd90b1c52da9cc9b86701f13","1790964618","17021ec5"
"969619","2743275340","000000000000000000012aaf9c2658f3af0c4e7933c26b338a906e3aa0c1fee2","1790964684","17021ec5"
"969618","4149595705","00000000000000000001768d0209a4d6c7fe658ff944f61343e7f73f2d72d967","1790963044","17021ec5"
"969617","3867063870","000000000000000000015fb6857fe9c4dccff2b7622df8134f95c8b3a29b1262","1790962475","17021ec5"
"969616","2643810842","000000000000000000018cdaf5980c9deba17115d2f8cefcdeabd46508f9412a","1790959926","17021ec5"
"969615","2379822905","00000000000000000000214ac8ad542a2002368210e3433f1d05e22c6ebd03f9","1790959801","17021ec5"
"969614","1971672416","000000000000000000014b62d2024d3aec5a9747ad8338745258d90b7e2182d9","1790959820","17021ec5"
"969613","3794897609","00000000000000000001b3a7c9d2e549b49e9ca5d20e53bdfb177cbda90c8001","1790957044","17021ec5"
"969612","672122904","00000000000000000000fd52c0aa3823b36c846a208e2dba324f51f6d7cde53c","1790956589","17021ec5"
"969611","2424814800","000000000000000000006032abe8874d9c278ebaf7c77e88f8f6810fd7b98f73","1790956573","17021ec5"
"969610","1765152786","0000000000000000000118e5736f4f40eb4e73b115ae5f8795c86b9c879e137d","1790954924","17021ec5"
"969609","555421212","000000000000000000009e2ebc2d2dc06e1a45440ccf4cc7b12451bec3029efa","1790953855","17021ec5"
"969608","477644227","00000000000000000000d70f60b87aede8e615103101767a4576da054f336543","1790953502","17021ec5"
"969607","1265876414","00000000000000000001c2f7d8512759f055a92de0a18c9f87e64b776f78256f","1790952316","17021ec5"
"969606","485666876","000000000000000000009dacec05689550909a398647006ec9d8bbe224bd4dd7","1790952308","17021ec5"
"969605","264993065","00000000000000000001ed4f21a6d8420fd1c935c7e034442cc7ff9ce9a22c0f","1790951482","17021ec5"
"969604","3553497019","000000000000000000002de17372babf1e2958fc4c1db73aad801475a2fcb7db","1790951032","17021ec5"
"969603","2651886267","000000000000000000001cc2bf39bb29f84a1d00a7ac24c39478ce81e4c0f01c","1790950983","17021ec5"
"969602","673975986","000000000000000000010833bdab42853715e1867d97c1b4db951440a78c124e","1790950374","17021ec5"
"969601","94293906","0000000000000000000219df58db380234c9a6ecf817db037718c21c005eff75","1790950179","17021ec5"
"969600","2851511802","0000000000000000000077092ed1c6b02a20f8d09eeaa6d376bed2aa31ceda73","1790949209","17021ec5"
"969599","2949560960","0000000000000000000067cb29261cd45a4db9cfd3ccf27405ad7c68774a3f91","1790948463","17021ec5"
"969598","2837675137","00000000000000000001465cdb263bd3b4b86393b944778716fd8f0001c687bc","1790948441","17021ec5"
"969597","1083978579","00000000000000000001f2bf93aba97e30ae5111a790644c311b1afb0396f883","1790947594","17021ec5"
"969596","743696682","0000000000000000000218e4b85c88e2c4bfaa1e3c7e4b87cecd559761d3cbc7","1790947421","17021ec5"
"969595","909866317","00000000000000000000f1d7d908bbdcdc4a9a1a3fec237a5020d209bac78907","1790947021","17021ec5"
"969594","45786894","000000000000000000000ec9173e460141c5e54dff5393a5497c9224792d434d","1790946942","17021ec5"
"969593","1396908640","0000000000000000000170ead14086fe0264aa9005571d65ff14732937cf16d5","1790946756","17021ec5"
"969592","361923583","0000000000000000000174cbdd512ed5929d2acfbe92455f605785d327335c57","1790945842","17021ec5"
"969591","1692490280","00000000000000000000312ad7c170f60a1126b6361ee8e7798d739a2746b0b9","1790944767","17021ec5"
"969590","1876478863","000000000000000000004e33106aa422427c68268280dbb10f7feb979584403c","1790944716","17021ec5"
"969589","2520158615","00000000000000000000a9750b66ceb2a63bf0eedf6a4404f050a4c769f32deb","1790944136","17021ec5"
"969588","3475962981","00000000000000000001a713df5fcbde499f229302eb75b8275e9f2f9817bd8f","1790944034","17021ec5"
"969587","3999283274","00000000000000000000a42afe1b7cac41cfe830573d4c38889c764b20995b6a","1790943531","17021ec5"
"969586","1070359216","000000000000000000004764724ea505d73fdf6d1c9479cd850a0143fa463ca7","1790943010","17021ec5"
"969585","806399564","000000000000000000008e4ddb37ffc62533ad7c71244085f1048ae8be3e1bf8","1790942793","17021ec5"
"969584","1574907401","0000000000000000000012dac9f82ab0aa203dbc5eadbb2bb394161382634f87","1790941878","17021ec5"
"969583","125517528","00000000000000000001ca3f0dc6c04443f70b02dd141ce661d91652677f0d01","1790941719","17021ec5"
"969582","1355446894","000000000000000000005360f837e72f49d5b8add5f8398f194bc7e811593d12","1790940627","17021ec5"
"969581","79399814","000000000000000000016a804d565a98e7bd8572e0fc47b69ba295b2023aeaad","1790940521","17021ec5"
"969580","3221609717","0000000000000000000168eb892ad08eac868e1cf7e71601bc3a2316977fd71d","1790940504","17021ec5"
"969579","2135082750","000000000000000000020351e5e5e503df6097881a2ec0bfcf9b5dd2aa0b50a7","1790939534","17021ec5"
"969578","1645157915","00000000000000000001076fb79eda2d2e4c2a45c91658b59bae1a9819e269cd","1790937837","17021ec5"
"969577","1718367372","0000000000000000000058730422525dc620fafd79439668892ddabbb38dbd29","1790937589","17021ec5"
"969576","1708258579","00000000000000000000a562e72a3823f2bc0b4b94e7e1f3e5f28b93c63073b7","1790937581","17021ec5"
"969575","4173804550","000000000000000000000c1cee20c675b1bc0075b1320760a5c0d85e751a7228","1790937518","17021ec5"
"969574","3072189264","000000000000000000012bb1fa74fc2b07c878d85917d3d04c46e5bf1256adea","1790937643","17021ec5"
"969573","4003860962","000000000000000000008e3dee62176f4d43e11c83ff4edbaa14f6234863b17a","1790937419","17021ec5"
"969572","2314185374","00000000000000000000dc44a444d6100b19ce26e01048dec8c206aaf02a396e","1790937228","17021ec5"
"969571","959608631","00000000000000000000335160b6a697ce18e1dbeae4f50c6dba9c439f44ecb9","1790935314","17021ec5"
"969570","2453921473","000000000000000000009095a2845a0b9d4add484e56abd751abd065a145811c","1790935345","17021ec5"
"969569","1778730850","00000000000000000000a1608bf61b1c473cc183acea0f196bd56369a17b2fb3","1790935190","17021ec5"
"969568","1079135143","0000000000000000000052e06c64840be2dd3e31b64e030adc5b7c78855daa48","1790935170","17021ec5"
"969567","1227424848","00000000000000000000866ea4041572d4974d7b386d804c8a00913827d9f51d","1790935077","17021ec5"
"969566","3503282079","000000000000000000007622306b32aecaad9e95a5760ccfb22c0f6065769112","1790933068","17021ec5"
"969565","2866407460","00000000000000000001c0bf9ab626016ca48a45e17444d1b2a80559882ee365","1790932914","17021ec5"
"969564","510078140","00000000000000000001db588df8b9d8167e941b4954870772689e57a6f82143","1790932117","17021ec5"
"969563","3691349090","00000000000000000000fb91e436f013380f5549d42f2401170fc81d8ac8aa10","1790932057","17021ec5"
"969562","3346662382","000000000000000000000ff79f6f770790487705b4c834242500428a855692da","1790930336","17021ec5"
"969561","3179922456","0000000000000000000143ce75d23c4ae3fef9743a9188a813e2430f43a45010","1790930000","17021ec5"
"969560","415405476","00000000000000000000d0c5ca07d1ca744a9686ee6af8e60d7d479c29a1d185","1790928731","17021ec5"
"969559","1714427815","00000000000000000000a79da4770a46241fc92caeb413daeab011c46388746f","1790927381","17021ec5"
"969558","2374272242","000000000000000000001c2def78f872b9a24f4780f9db372537d4fafd754f33","1790927240","17021ec5"
"969557","773324336","00000000000000000001f80b8b30b8bbc3340c45e2e8aed0ca83a2ef76da4c54","1790926815","17021ec5"
"969556","263826351","00000000000000000000dc12b507cfcbbb652f12b2da28769060391bfa5a5fec","1790926726","17021ec5"
"969555","1052741701","000000000000000000008947e1646de1059b2afa3d2a534a9722cc74e0c37181","1790925610","17021ec5"
"969554","1129693687","00000000000000000001d03ed639a372a9d4a4ebae8e62c1f8f35b45ca61c229","1790925092","17021ec5"
"969553","3920667613","00000000000000000001f3b83aece554ba17fdf04aaa09390c98f8e259f75368","1790924668","17021ec5"
"969552","2705784267","00000000000000000001e6751fbb72dd09f7c35b3ca7603045a5a1827a84050f","1790924666","17021ec5"
"969551","4131325731","000000000000000000015ed21420e486c03d8ac1d880d0844456a05d646eaf20","1790923995","17021ec5"
"969550","838489606","00000000000000000001fcc36c95198505b5c33f2ffaa27005e34d4021aef532","1790923482","17021ec5"
"969549","526393633","00000000000000000001014ef138915da56c203db0cdd59e3f7651e7369c63e1","1790923445","17021ec5"
"969548","586303781","000000000000000000017893d7c99e68f1ba9a4f05c73e8b0948d20a9383455e","1790923225","17021ec5"
"969547","2867854624","000000000000000000011ce772dd0d60939d9d91fe4eb628d839ddd7a10b1b6a","1790922598","17021ec5"
"969546","3143670790","00000000000000000000a60cc130f369621799f599c58df9b3a5369c9dd7f0ff","1790921210","17021ec5"
"969545","3494265389","0000000000000000000093d46f3e6f339ae4e2c923d2ed46929250676943670f","1790921237","17021ec5"
"969544","1394960826","000000000000000000018607f3acfc301ba92c15749677d7502e80a2eb26b08b","1790921121","17021ec5"
"969543","2088787993","000000000000000000019586406808330893bffd29fa1dae6a0ff65028ea6037","1790921054","17021ec5"
"969542","3932890312","00000000000000000001321d8c20a5b2b3293d15ccf695732851a5698c294d13","1790920403","17021ec5"
"969541","3030472878","00000000000000000000df256ce61c0294262cf45207efb083f1211cb77edf29","1790920396","17021ec5"
"969540","3502481227","0000000000000000000131ae11b4e43cd59349e5d6def1a057f76e5dc8c7fb1a","1790920259","17021ec5"
"969539","1186672930","0000000000000000000178e810a80ad1af8cd3162042e65870391016468f4ee4","1790919973","17021ec5"
"969538","3470016128","00000000000000000001e3de0ba960fffe949c7410377337bdd132823b633258","1790918276","17021ec5"
"969537","4108626798","00000000000000000001931d07b88f7f4e52067fabf107f05d6ccaa03d1b2afb","1790918189","17021ec5"
"969536","2240933638","00000000000000000001f4c4b89f5f8520398a1fba132daa2ed26da7a78fc4ae","1790917422","17021ec5"
"969535","937578574","000000000000000000002f891a40d9ebed71adf63905cac43c6095147a9177b7","1790916084","17021ec5"
"969534","3414396964","0000000000000000000104997f5f44a4170955e6f6d1f0c9f63ac869e08de81c","1790915818","17021ec5"
"969533","3573849722","00000000000000000001fa2f416dc7f6fad2635d8dd49dee1fef6d7d4d21e745","1790915792","17021ec5"
"969532","2423877477","000000000000000000016cea78696c2a345a2d86f5278793c425c9c19e3813a6","1790915164","17021ec5"
"969531","3173060320","0000000000000000000108f6148cf1d6c6a491f576507ebd946b99c765d56c8a","1790914021","17021ec5"
"969530","2938896808","0000000000000000000051f8d3bfc07b9e106124318153d24f7be1e54cbc0efd","1790913847","17021ec5"
"969529","1919610412","00000000000000000001c5fe01b2ffff6d4266992206cc390fb88b3ee59b2907","1790913812","17021ec5"
"969528","904869932","000000000000000000009e9c61f55dbe0260c6902b706bdd357297250ca79867","1790913385","17021ec5"
"969527","3343251427","00000000000000000001c461f1beddf5890ccc0cbe4d64d1de9a48b69c390762","1790912356","17021ec5"
"969526","1420599832","00000000000000000001c495201991943ae88860aeaca7db34c37e210e765ee0","1790911188","17021ec5"
"969525","4270541899","00000000000000000000c6ee4f29a30c10583cf741509db30df434bd41ec866e","1790908973","17021ec5"
"969524","664125593","00000000000000000000e8ff2b434dacde451e974f3f403d6bbe6b0173af63f3","1790908933","17021ec5"
"969523","4110494813","0000000000000000000002499cbd1a5339278df5201abdaf1cf27f064d2f67a8","1790909257","17021ec5"
"969522","955222191","00000000000000000001d389c570e409ad8da6810ca38211e0a2716074db8dab","1790908690","17021ec5"
"969521","570620944","00000000000000000001e6ab17516a6dac3bacfb76f7799dad23eaada384b7ca","1790908583","17021ec5"
"969520","2295748569","00000000000000000001aad71aa21eba05b627e8071b711f04906d0fc1c55326","1790907580","17021ec5"
"969519","2511305043","00000000000000000001dd3b2150e834f9f98dd4e6a5b03ae2ad0ac47e39c5be","1790905876","17021ec5"
"969518","2070591443","0000000000000000000179ec4e49bc9a05c4b6fdde9495ccc14bf3bd4f9bf2cb","1790904917","17021ec5"
"969517","2578946059","00000000000000000000cb1236175b35c9adaf85dc9c92050e7ab2242a071b34","1790904341","17021ec5"
"969516","1660443601","000000000000000000018ccdb3fc414d486a4da7813bc62493cd8443d71bfa4d","1790904259","17021ec5"
"969515","3968566624","00000000000000000002069fb65479764f5fa9a5da4b13808ae35e35c631d10c","1790904113","17021ec5"
"969514","1797629816","00000000000000000000f106a3a7c70cf70b59d9acd83fc0f69f796d008fc42e","1790904104","17021ec5"
"969513","1441170965","00000000000000000001f2c994f28cfc06ed8c054e1e905099e7fe19766c27de","1790903044","17021ec5"
"969512","1521013203","000000000000000000011886febb19c47f730cb976d49d5616171b1dc1acd805","1790902662","17021ec5"
"969511","3319563879","0000000000000000000099599be57704358145e9a721347d31079ac92471f0de","1790902281","17021ec5"
"969510","2544415246","0000000000000000000075b9e228fb10d8ffadad1b113c557d91825d2f744c97","1790902071","17021ec5"
"969509","2761308252","000000000000000000019814e74a08a733acd3395e9599646b6e53db90d2c0ab","1790901804","17021ec5"
"969508","405855870","00000000000000000001de3315ea982f64a82712921b987d2f9753b529b768e2","1790901100","17021ec5"
"969507","2992512727","00000000000000000001aae8dde4f60d252761344e71d74e0fc2248cc965a9b1","1790900863","17021ec5"
"969506","2770014738","0000000000000000000182e08b9ea2a4347c962d617468d99f1279e91a48691e","1790900346","17021ec5"
"969505","800072616","000000000000000000002490b872fca30690f35bf2f273ad32c08e9cf4e86fa4","1790897913","17021ec5"
"969504","794563593","00000000000000000000220c1314b1e6941f8ea1783addb29d88c5a0baab499d","1790897726","17021ec5"
"969503","580121679","000000000000000000021c399abb83b40163367747e321cf1c41fb9c37742ddc","1790896583","17021ec5"
"969502","3802140958","0000000000000000000088278b2173f19ff5c3e8a66ef4c101a68af749eb7a7e","1790896508","17021ec5"
"969501","1860756167","000000000000000000009dc6d769b94eeeb1c660918411ff6121a75706559e5d","1790896535","17021ec5"
"969500","3015596918","000000000000000000017947388dd6b378913f40ace5f68e78407b4da4b9fcab","1790895623","17021ec5"
"969499","739306776","000000000000000000011707ca0d98b5fb0a45a06f176b7b0e1ec9fed4f6de09","1790895555","17021ec5"
"969498","2285016105","00000000000000000000b98b89d38a790b7dc4a952b97384ece9b477f777f7bd","1790894524","17021ec5"
"969497","4231437520","00000000000000000000dbc7ed74b00151d596dd448629253428fc7d35693389","1790894086","17021ec5"
"969496","518077006","00000000000000000002133972da4f47697cf50261d089970f7b728e0935f24e","1790891579","17021ec5"
"969495","943117528","000000000000000000002d217f9efdc4612caf7d071c7fe1ba79a9f9d9d5762c","1790891130","17021ec5"
"969494","2202116139","00000000000000000000d1f2546049c7dd870717de34ace17995c98b5cfa3ea2","1790890621","17021ec5"
"969493","500586058","000000000000000000015cfda69af7081f36c0e149f0f77ca29fe9e7bd3cfbac","1790888509","17021ec5"
"969492","646897708","000000000000000000006f9803888b41be84fffbef56e44df3323adb6fb78587","1790887022","17021ec5"
"969491","2685007407","000000000000000000016efe1e076befb5a2f0b736e383871ae490ddd5c5f338","1790886506","17021ec5"
"969490","405420095","000000000000000000020190eeeb86cf984b101e04fc2f419e7d79a4906f677a","1790885022","17021ec5"
"969489","3900876689","000000000000000000020313cdbc0e7072fa0423d17fd36ad8bfa27e1c2aa602","1790884976","17021ec5"
"969488","3539232714","000000000000000000007d8daa6f65989839f23e420d83449fcd542705b0380c","1790884761","17021ec5"
"969487","747394649","00000000000000000000126fe52b38f5ccd1bb7ab47283700f7d6c16a3832a71","1790884350","17021ec5"
"969486","1219745701","00000000000000000000a1ae49bb43bf4e4abf5dd5a616eb832ff12aeb6d301b","1790883649","17021ec5"
"969485","3998027455","00000000000000000002062af58126c0c97ecc9efb05363560b2c0d6ec64193b","1790883444","17021ec5"
"969484","3870241381","00000000000000000001c9176af31d39e68be32bca6997617451791add395fba","1790882387","17021ec5"
"969483","3186363608","000000000000000000000d3fdd3483b2b076aa2af2ab2cfb6335d7411fd9f86b","1790881973","17021ec5"
"969482","862567476","00000000000000000001aba35e05900eec3e4faccf6280c0ff2234f5a96b5093","1790881622","17021ec5"
"969481","4227766177","00000000000000000001805ae2fc7c18c7b53ff44dcc2c27fd386a76d75f1d34","1790880892","17021ec5"
"969480","3680236299","00000000000000000000d276b56c63a220837b284ac17f9919209fc10c020230","1790880864","17021ec5"
"969479","28256813","00000000000000000000dcddaef250e1665ecc5dadbcbdb08769509c0a433253","1790880183","17021ec5"
"969478","1244342258","0000000000000000000196a8011624707470e93bf78c22491d6550d66c183881","1790880080","17021ec5"
"969477","1654158854","000000000000000000016fa7af55cec7db322c8b6702bfe9695d7d892a454a0b","1790879746","17021ec5"
"969476","912430616","00000000000000000001c09950c1cce5a14966c75e5d5260aea807936cc64fe3","1790879563","17021ec5"
"969475","3320360452","00000000000000000000a3855911bd214628fe7140cb7def3f153ce970df7040","1790879024","17021ec5"
"969474","3405800663","000000000000000000008da8747a62964e0054305dc9d2cfea4f0dfd28687dd0","1790878116","17021ec5"
"969473","1583820857","000000000000000000005e80b39969b44852e1d2d4fa4e7c04951e5b5261e09b","1790878051","17021ec5"
"969472","383748415","000000000000000000005a403aa3e3b39bb1d9a75db80171f105f4fda3b0e123","1790877130","17021ec5"
"969471","557197047","00000000000000000001fafa061ec8eae19be6bea9f93c03910c7cba5ae83045","1790876516","17021ec5"
"969470","1410960897","000000000000000000015f8ae7f77d172dc90a46bac7b69f24db317ce6ee7ab6","1790876420","17021ec5"
"969469","3774067885","00000000000000000001be988091b0f3b7de9b3eb28b125921f0c55584cccfeb","1790876214","17021ec5"
"969468","1587327036","00000000000000000001e0863a7b99251f10716be9dec1e6548d000fbfc8da66","1790875654","17021ec5"
"969467","1260484925","00000000000000000000bd922bb8adf647e2ebcf605a15db4705d144a45dfdf8","1790873561","17021ec5"
"969466","3418006443","0000000000000000000190274198b6ff8e4c848049f935d9a5bdf0561a0035ed","1790873017","17021ec5"
"969465","2085144614","0000000000000000000190e9ab7f4b8ddeee996d791585f22d83e437a7796e1d","1790872322","17021ec5"
"969464","551921701","0000000000000000000102064c6c968ba9a8f2ed376dade6cbcfc322184633c9","1790872274","17021ec5"
"969463","1116745810","00000000000000000000bb77df416bdff51d98a293d0e85b22a7d50ba71723d3","1790871067","17021ec5"
"969462","2183271238","000000000000000000013c41d4d3615188cdcc83e08411d4d5875fa63438f7d3","1790869681","17021ec5"
"969461","1280123311","000000000000000000005f8a71d4e3522fb9aa619f7362262a6db5b422ea7796","1790868695","17021ec5"
"969460","656048670","000000000000000000003fd1aae1e4755d251b70bc9150727ee905da450a9491","1790868620","17021ec5"
"969459","3907506706","0000000000000000000023881ae951fa36383c5fe2f6f6691c0eb401b0dbba7e","1790868598","17021ec5"
"969458","1968639497","00000000000000000001425d7d3b225dc22352c6e08041008e86952b8eecc18d","1790868191","17021ec5"
"969457","4106511320","000000000000000000008cc2cdce4f8734c64845685277b0fe26e5384f454e3c","1790866802","17021ec5"
"969456","2209991981","0000000000000000000111649e51da112d0a597d36f0cf549c6e7741388a4b06","1790866336","17021ec5"
"969455","1273612737","000000000000000000002174fb1d9434bf44558e617bb687c7630b1ae749dfd3","1790866296","17021ec5"
"969454","445377061","00000000000000000000f9bd8b4092ecbc1b73a9d22569027880cb3895abfb24","1790865037","17021ec5"
"969453","3683079872","00000000000000000002029b18371fa6948caf61e4ec1788ce6384dfacfce87d","1790864336","17021ec5"
"969452","3698748987","000000000000000000003be64d8689b92208ca66d2676f656aee8aacd94dc083","1790863974","17021ec5"
"969451","1503802248","00000000000000000000004b63a0e0ce385e104408b93d13ba37b3657f9b0745","1790863234","17021ec5"
"969450","465083555","00000000000000000000c5654ea565be165eaa199f641c17d8c3c1fa90502154","1790863044","17021ec5"
"969449","2588804022","00000000000000000000552953ecd9be894396f62890343f86e8b06582e15348","1790862852","17021ec5"
"969448","2164702799","000000000000000000013547c58bd7fa9bff054d5757b6fc321e9a9aba6d4898","1790861011","17021ec5"
"969447","3182416674","00000000000000000000325bd9908eb0014bf4c9bd948d777c6f4fce4aab6601","1790860384","17021ec5"
"969446","3003551850","00000000000000000001282510c1ba13c620f8b61ecfde86cd240b672a2d0a60","1790859654","17021ec5"
"969445","3102138515","000000000000000000014a757e1afb9767d7dd43b3d5b4cce30a165fb5da5857","1790859517","17021ec5"
"969444","3465302850","000000000000000000021d549dcbe4aaf005ad25a203a81fc4cd2918a6b060be","1790856333","17021ec5"
"969443","397281613","00000000000000000000318e6cba91b4e5b6c7586ea3375fd92797bd0bdd26be","1790856106","17021ec5"
"969442","2423130985","00000000000000000001d15b2b04d30b2e47772d44548ac6994f032bbeb8bcda","1790855644","17021ec5"
"969441","2136509833","0000000000000000000109b7c82a2c93ff2397534a16bce90e203eccb9a4f571","1790853617","17021ec5"
"969440","3143725177","00000000000000000001d9edf21827764c999fc84b8940359bfc510cf5d8f05c","1790850491","17021ec5"
"969439","2691929527","00000000000000000000ebcd54683529eb02fd4099fc035171a871b077897c8f","1790850451","17021ec5"
"969438","2022483162","000000000000000000021983392354217a11a9eb0643a8efa633e03ae0caca32","1790849130","17021ec5"
"969437","1171961110","00000000000000000000d66c668b0f0c8ddc833b19d291f503f7575e9ac0d93a","1790848045","17021ec5"
"969436","2896144163","0000000000000000000193f4cd7c8b0159b5608878918eaea58ffe2ea8d4f163","1790847142","17021ec5"
"969435","635911335","000000000000000000007d16ff51f47cb71cbaf0bbe65fb4e11181d3b3c6f95c","1790846728","17021ec5"
"969434","3258747373","00000000000000000001aeebe6e23e21759f8d14ad9c2b1090e7c26269253b12","1790846195","17021ec5"
"969433","2057488787","000000000000000000018eecaf7fd5930854074a98d3c8be57de9e1c7e05b456","1790845860","17021ec5"
"969432","2851126744","00000000000000000000408245b79549b89d09923cb8f6e3fd2c0e472cf92615","1790844940","17021ec5"
"969431","3397566286","00000000000000000000dd897f85428d6ef7f9206b17d9db821c2ee1ccf8fe8d","1790844937","17021ec5"
"969430","1125333772","000000000000000000013afe1f446584658bba05efab7777da14f272f05cecc1","1790844719","17021ec5"
"969429","2539770911","00000000000000000000f5ec9d24749f4ad6bfc47729b66aeae201e8a8a60f1a","1790844770","17021ec5"
"969428","1812997455","0000000000000000000009b420c1ae3f6a47d25b46d818176bb37a165be50ae4","1790844133","17021ec5"
"969427","1147567384","000000000000000000014195994335c974cd194a9f9938742265d67c849c1e92","1790843736","17021ec5"
"969426","2736976479","000000000000000000006c3619b269275a5a8f1923bcfd6874a875322b0eb7a0","1790843711","17021ec5"
"969425","94037049","000000000000000000009a822bd72b4999bd03d0ded05c14af4971d0094bcb12","1790843668","17021ec5"
"969424","2175838422","000000000000000000003eb75df6c9dd67825bbd18c4780deb885cadf0636e2d","1790843799","17021ec5"
"969423","2999529596","0000000000000000000059f6635b3606e8bdb2b3a0fa61b21dc3314b499cf0a4","1790843649","17021ec5"
"969422","1003623223","00000000000000000001d500a116402cab5a6e315d3792a0b2443258cdc5928e","1790843537","17021ec5"
"969421","725158275","0000000000000000000078a7afd5f4292a79a4608ebf9ed372878ebb85164458","1790842779","17021ec5"
"969420","1586285568","000000000000000000007e54af4c9cfffd8268c381876b77a757c5b7aed1839a","1790842515","17021ec5"
"969419","2592559448","00000000000000000000860344d7dcaf032a6c2a86f660e5a3fdf1e81219a39a","1790841654","17021ec5"
"969418","408618756","00000000000000000001b70709ca22898a97aa1d7894580376531763630c6c11","1790841180","17021ec5"
"969417","1333269988","0000000000000000000211c542e24b33cb90aa70e241a724a15434ea86746000","1790841360","17021ec5"
"969416","3562151556","0000000000000000000182915402977340a6ca3511d92b4d284acf3991e5620c","1790840330","17021ec5"
"969415","3630818105","00000000000000000001685e3b359ca766dee24bf416456ebea83e76d7ed08de","1790839416","17021ec5"
"969414","3307480616","00000000000000000000760f12547a2764f2a67eddd45ff3c596a4410e2d6d5d","1790839386","17021ec5"
"969413","2648907303","00000000000000000000e46aee56e02db152cf0f26d0b751efeedc66a5c7e622","1790839356","17021ec5"
"969412","3445237907","00000000000000000001b2036417daf9e3c6267a8e7af647f3a831ba145ee1c1","1790839190","17021ec5"
"969411","3804097670","00000000000000000000ebc4cabded0310e0474961d6914a1bb268b36e2f994a","1790839077","17021ec5"
"969410","1837967197","00000000000000000000e495382a0ef8b0bb89dd240e41474c1dbd8baff631e1","1790838608","17021ec5"
"969409","1815859715","000000000000000000017bd11bfd8ad575ab5f502ec15911d0edac2314eefd80","1790837711","17021ec5"
"969408","444243844","00000000000000000000ba83db7b1fbcc7a65c121a1aa554da91618e5c10a4e2","1790837185","17021ec5"
"969407","1121077064","00000000000000000000d65022023099d4e8ef8dafd3e7159d5d093e7e3b55c2","1790836812","17021ec5"
"969406","1944752771","0000000000000000000044224aa1086a6cdc38f77b6894275e5af46b8d6cc240","1790836084","17021ec5"
"969405","3583859968","00000000000000000001f0f30fc0913930c685a045da484e81afce9cdfb78c9e","1790835833","17021ec5"
"969404","2820483650","0000000000000000000069c18c84d21a6fda9426c7077d1c85bc70f70ee37032","1790835493","17021ec5"
"969403","2778890914","00000000000000000001b2eb52a579cf33236c4a97b7782671822b2ac12dd443","1790834579","17021ec5"
"969402","1131536161","00000000000000000000fa157c6ca36953a264b402270764afc89dd0f03f6619","1790834384","17021ec5"
"969401","2347362188","000000000000000000020e123e9362a0576f2c51490056bf418116645b121d78","1790833839","17021ec5"
"969400","1494433584","00000000000000000001fe44d5bc289aa1d1a48c3abc05ea66fed8a73df2dad6","1790833729","17021ec5"
"969399","1553407234","00000000000000000001e27550d305089f9c028356ecdd0b578e76b4c0889e77","1790833601","17021ec5"
"969398","3486432257","000000000000000000002c14825e915400c856b81617b57db5a2000cf9f4e9db","1790832367","17021ec5"
"969397","2960899362","00000000000000000001f04ef4c85645debf1f9a99e4eefd975947371f09b0b9","1790832037","17021ec5"
"969396","1242484570","00000000000000000001a24eff97c33836ef578acfc9a3a3f00abe5cba470503","1790831928","17021ec5"
"969395","1742681315","00000000000000000000b9827f82fd760748008d0d550d9244b3929f532733c7","1790831099","17021ec5"
"969394","3867408187","00000000000000000000d13785fe54eba842cd851705c5762dc27e695deee12a","1790830113","17021ec5"
"969393","3234194275","000000000000000000008416ba05a0bd736a0dbe268042f772a99b0665288ccd","1790828601","17021ec5"
"969392","3272470165","0000000000000000000000c0a588c11928cfeecc891c07f1d8d7104fcde2ee8c","1790828523","17021ec5"
"969391","1562405016","0000000000000000000169091e70fbbc135a0e50bdd64d58f9c1cbe7b9cabb53","1790826812","17021ec5"
"969390","280638556","000000000000000000016c15907c4e7a4a740a7845c8b19de7f4c67ef5fa174f","1790826201","17021ec5"
"969389","1632392617","00000000000000000000abe29b1a7cdfd0943d543aba4ee30e51e282f6e0ec32","1790825812","17021ec5"
"969388","3468748284","00000000000000000001a5693e0bff9d4387172161100745d424fcaf543159cb","1790825566","17021ec5"
"969387","2393333119","00000000000000000001b9bab41338c11e7c9be511a57514ef5dbe46c1c7488d","1790824686","17021ec5"
"969386","3444130894","000000000000000000003ebabe382f4bb73b4b1516eeb6dffb66b5c9122d6e73","1790824614","17021ec5"
"969385","3166542267","00000000000000000001c9dc7b7f73a80cf63c8a7c6185c632716668222ed094","1790823587","17021ec5"
"969384","2256501334","00000000000000000000024c786eaded1bdd99dcb196b202dfc520b86ad68db6","1790822075","17021ec5"
"969383","1965024202","00000000000000000001a4e9a5e064d573e6a60379560118df5ad95b1041a51a","1790821599","17021ec5"
"969382","1675915820","0000000000000000000150e9512a655e5f4952eebea5987201e171546f10b362","1790821083","17021ec5"
"969381","3621797632","00000000000000000001ebbef591939f38fde9f8c79da3856e80e7033a81eae0","1790820787","17021ec5"
"969380","1772092172","00000000000000000000db466d776d0833466e52c975275ec932dcbf009376e2","1790820766","17021ec5"
"969379","3683549324","00000000000000000000222e29a204265bfc73d82132e27afed705bb1ca47881","1790820354","17021ec5"
"969378","695253130","00000000000000000001585845fd7452934b0358a09b531f769a0a03d1d2b14c","1790820266","17021ec5"
"969377","3124731972","00000000000000000001548ad49d9cbf506cb79e686a05d194ec8c5f930f48f6","1790819388","17021ec5"
"969376","1950858494","00000000000000000001a44ab8c52652bfaf0b22a97a84d8fff5691b5f2707f1","1790819198","17021ec5"
"969375","834395209","0000000000000000000194552869f79875547b5060d02060dd0ca7ec2b31543c","1790818395","17021ec5"
"969374","2458740288","0000000000000000000145984d5bbb14832ba5f49b19b431a83e9b53ae4d8456","1790818170","17021ec5"
"969373","1631433245","00000000000000000000cfac53f7ea4eb3f30276f1dae716044542f1a1c9976a","1790816264","17021ec5"
"969372","1570060849","0000000000000000000023dfb6af50597594572e4749b6219ab32b9ef512c405","1790815866","17021ec5"
"969371","4056025465","000000000000000000021262580839761bc9366965aa167ea2367eb3fefe11ff","1790815732","17021ec5"
"969370","1857467713","000000000000000000001082210c49cbe031f67d570d69ca2633fb782d43563a","1790815221","17021ec5"
"969369","1569731412","00000000000000000000b5ecab32f60ac90a9c6eebf327e62dc8ed4d053ebe7e","1790812778","17021ec5"
"969368","2573546550","00000000000000000001be5bbf4fd7fc6b181a4191158425a4e59a8fd3e8da74","1790812226","17021ec5"
"969367","1779505396","000000000000000000021b4b2a9c3a8fe297efd53e0e0b9c33b61f7f21c573d1","1790812125","17021ec5"
"969366","898605453","00000000000000000001e3b516405ef469e1f835a480cd2b698b570701ec8924","1790811754","17021ec5"
"969365","171355888","00000000000000000001b52f1ea2cf461c0bdb1c3232eb545395bfef5a5df08a","1790811350","17021ec5"
"969364","827157787","00000000000000000001adbf2a2f3fb79c072baa91a75c12d0cb3043ecb9f1f1","1790810666","17021ec5"
"969363","774283884","00000000000000000001e2c06779f25571fa8b282f04ac187d76d3dbbf11a07e","1790810314","17021ec5"
"969362","3658666353","00000000000000000000f16de9b14d4af7237b808d8a74a3f025d48dc6e6af4e","1790809999","17021ec5"
"969361","2997169564","00000000000000000001f9d92d4675255642286d561cfd52256a462efc87a77e","1790809900","17021ec5"
"969360","889642318","000000000000000000007b86e5af4d940395c4208e7c5d6defc63522570ce92e","1790809465","17021ec5"
"969359","1586850268","00000000000000000000ab36962f06278913dbcf98b48988b3be3ab852654e54","1790809085","17021ec5"
"969358","3857414532","0000000000000000000219c9594bf1fff2fb0b11267abe307fc1df09b5726f17","1790808211","17021ec5"
"969357","1379443502","00000000000000000000623104859568250bee23b88f73caf5e8eb1b580047ee","1790807634","17021ec5"
"969356","1757562661","00000000000000000001eab84673bbb27cb4a3d511af6c72d412a177e49127e4","1790805905","17021ec5"
"969355","770855870","00000000000000000000e8a9d9973f9fd90d9e1a25914ad519653bcf8c04af8e","1790805112","17021ec5"
"969354","276615258","00000000000000000000fb26153bd54b87b2bca9ca75858c8a235a0f5d63711c","1790804417","17021ec5"
"969353","2931228784","0000000000000000000208d293e324fa4fed0b7f40ecdec9125db0f0ed9de97d","1790803776","17021ec5"
"969352","4231179532","00000000000000000000bf7f3610342d8d2e761e66dcd7ecba7da468305857fc","1790803491","17021ec5"
"969351","2875755307","00000000000000000000354561b3a0559ef4b6066b69c7e602643d2995fc16f3","1790803244","17021ec5"
"969350","4116439556","00000000000000000000936e38deae265347c6af07ab68207050a56149571ba9","1790802801","17021ec5"
"969349","871565036","00000000000000000001485b0816db6c015a1046c175dd80fdd26815cc2c43d5","1790801933","17021ec5"
"969348","1462109800","000000000000000000010764effde8d2d7dee869ed829c24d6d44f4931f6e98a","1790801600","17021ec5"
"969347","2533083795","00000000000000000001a01b6f1db152ba9a9c37d280ef1ce7d23baec4cda648","1790800865","17021ec5"
"969346","3094331995","00000000000000000000308aad41083055bc75ec5b656cea8ec97206690cfb95","1790799812","17021ec5"
"969345","2779817629","00000000000000000000c94a7509616b0a4a97660b0adbfcad3adf256d6b5066","1790799497","17021ec5"
"969344","436645951","0000000000000000000163a70086dffb2db4218f98c3cbdd756f6e7129784256","1790798937","17021ec5"
"969343","2713863821","000000000000000000005d228e7a98f4b853e1124e7a9db6f33681e6911f7fe8","1790798659","17021ec5"
"969342","1206394688","000000000000000000014f3c81f04ae291ee96ff6aff77afefac135d7996a27e","1790797587","17021ec5"
"969341","3212835601","0000000000000000000142e01a0306f8ed36f8a93ddeb129f736c5cc40e1012f","1790797523","17021ec5"
"969340","552802607","000000000000000000007b6a5d5969df3d89a77577151adaea96de87c79f9201","1790796718","17021ec5"
"969339","257287977","00000000000000000001ac189534a787d163381fc7e24fab3dc93a0429bd6463","1790795068","17021ec5"
"969338","2816553175","0000000000000000000129bc868d62705ebf2a4fa295b72fde1aa715303de430","1790794650","17021ec5"
"969337","2220027501","000000000000000000000dc6a96982a0d88d91e8a2cde1f131341b951634895d","1790793044","17021ec5"
"969336","2649818646","000000000000000000000700f4a2a749910fb285191fd3196f28194276473786","1790793129","17021ec5"
"969335","34491731","0000000000000000000017e333c2d04e452479adc0e9f80529ba106e6973251a","1790792569","17021ec5"
"969334","1571202069","00000000000000000002119cd183efbf18a5ff4842cecef3732b7d018f442280","1790791788","17021ec5"
"969333","1809075637","00000000000000000000e3f1bc554d4b9d841d532a80df324634be4f8b383668","1790791215","17021ec5"
"969332","1510868167","00000000000000000001f918cd501ecd1a0a702ac681029031ce909e926cced0","1790791123","17021ec5"
"969331","509324777","00000000000000000000d0c11491d612e0a9bef271d4708eb3e548e5af0c9059","1790791051","17021ec5"
"969330","3273610259","000000000000000000020bfa958f6467096b5f9d57769016130de6379434e382","1790791189","17021ec5"
"969329","763031322","00000000000000000000cbd07de2aa2097cb67dd98f411d57a93cd9958403d46","1790790510","17021ec5"
"969328","3852762079","000000000000000000004f89a51edfb7c14c8002999b4bc784883b69fbe9e747","1790790108","17021ec5"
"969327","162107643","00000000000000000000ad4080b7e59a8d8cce87ffb9a1a077c197db18e5559b","1790789462","17021ec5"
"969326","780736884","00000000000000000000c06ed18b59e15ec0818fd196e827c967e0fa38b8228d","1790789452","17021ec5"
"969325","2499926941","0000000000000000000201d97f66a70e9bb569ff808bb5f7bdc93fe5a725b42b","1790788876","17021ec5"
"969324","2249800239","000000000000000000008262f2e1c5be0a84220a8eac7f898ac3efdebb2efbb7","1790788495","17021ec5"
"969323","3122353928","00000000000000000000b5350a89f5b205dc70781012e6ab1af6fd1bf1254749","1790788429","17021ec5"
"969322","50601641","0000000000000000000141a5033fb73d331d0cc49d47ce1fb196a6d69f26c1a7","1790787492","17021ec5"
"969321","2570545545","00000000000000000000e2e37b3a209630d79b8e4b605b1d86e042107a7f52e8","1790787413","17021ec5"
"969320","3720667295","0000000000000000000035e5a0c8eb6e9c142be48d976d9d0909a0812f2353d4","1790786890","17021ec5"
"969319","1776923955","00000000000000000001702cec64a5be542f919a1cd959d2a1fc9f8a3841524a","1790786315","17021ec5"
"969318","1597467931","00000000000000000000cb33e16dd934839a39b2e949dac33c9fd867e975b250","1790786122","17021ec5"
"969317","2643566750","0000000000000000000118047bd368ee67d1c4fe558601b7e99a659658576ec5","1790784612","17021ec5"
"969316","2966087696","00000000000000000001826d0687596a2ef3ba476327d148486399ed0cc8133c","1790784739","17021ec5"
"969315","3435943381","00000000000000000000e598678a793ea639810ec055ea92a6aa19556e73acb8","1790784260","17021ec5"
"969314","1384122507","000000000000000000018531dcdbca8158c6e3938eae0148412fcb50516e1c4f","1790783916","17021ec5"
"969313","639743310","0000000000000000000170337856836177cf290d990b12727d88724fe0dd6bc3","1790782669","17021ec5"
"969312","251273876","00000000000000000000d2dc8cc48bf3cf3a5f2a6ca9699c815501659d7a6aba","1790782554","17021ec5"
"969311","693646752","0000000000000000000116603bc8d47dc258184d920119e871683091005641d4","1790781619","17021ec5"
"969310","3296754334","00000000000000000001d2ee959c5e4d3b819cd4d0594281ae1568330a732dd5","1790780277","17021ec5"
"969309","2062758062","00000000000000000001494d45a25616076ffc8ef6130c1fa4f0e0439b1c4104","1790779482","17021ec5"
"969308","1762544645","000000000000000000003195399c7b10b2f670a8cdedb0a97d46d7d52090acd9","1790777659","17021ec5"
"969307","3233106347","00000000000000000000c347f3dd24e72272ffdbaf8f5a3b5dd096b80e0d6e76","1790777908","17021ec5"
"969306","3984516361","0000000000000000000029fcfeffb3dab525a755a62c6a53e8b1af7bd8f4bf52","1790775538","17021ec5"
"969305","3215688815","00000000000000000000bc879c7ef46d6d6e6ba2f4f4192843aa373b279b3ef5","1790773868","17021ec5"
"969304","2033033286","00000000000000000000481586441a3cfeaba436f911e272e855da11ad2a8bd4","1790772805","17021ec5"
"969303","2234699244","0000000000000000000153a5b4b7cba010e78d170613cd989545b256b353dd9c","1790772216","17021ec5"
"969302","3184379473","000000000000000000010200bcbb8ce9d16fa6fe7d4ee469fe1c443b44a077ec","1790770899","17021ec5"
"969301","304071092","0000000000000000000159b46df454b9fa3e0581c00dcecea3275bddbd9af19e","1790768877","17021ec5"
"969300","3150827128","00000000000000000001a369fff41fa52c931f39b77ee2e7476676de2d1c8e2f","1790767331","17021ec5"
"969299","211736450","000000000000000000004afa4d9e9508519750aebc3c9814b11ad7d24f2ff10a","1790767027","17021ec5"
"969298","3360320121","00000000000000000001fec6cc7174e1d2353f1ca0ac969bef4c6ed7bd72261c","1790766891","17021ec5"
"969297","3573664008","000000000000000000006630da727d0555f118f3da9107a3a4acf0683a3a98b7","1790766778","17021ec5"
"969296","1544504464","0000000000000000000052161fe92244237c914bb184d2a76e7032d40f3ccddd","1790765684","17021ec5"
"969295","2879528775","00000000000000000000303e6375c39f301c9c18109059439a9afe29572a4e61","1790765039","17021ec5"
"969294","3179533769","00000000000000000001b0405b12db9fd66b9642c9c3fc4d9a187d1c2fb8758c","1790764057","17021ec5"
"969293","3366101552","00000000000000000001607593ebee8773f5492899c001d0556e5138ffab279c","1790763821","17021ec5"
"969292","3011752094","000000000000000000014328128690e416bbce503c7d96a773a5e40f0f600178","1790763641","17021ec5"
"969291","1410647337","00000000000000000001c886f62eba66036a2fed31f8c0d6244452a9d840f1e3","1790763138","17021ec5"
"969290","1216428772","00000000000000000001e290d0b40a78ad418ec4285fd87afb0cc40abd279892","1790762467","17021ec5"
"969289","691973887","00000000000000000001bcc6f72a17ba130bb8e341ff9a25a97a0fd8ba7310fc","1790761347","17021ec5"
"969288","1220057559","000000000000000000000c1968d48eddeb5dbc890b676f1abf938f6befc34a57","1790760674","17021ec5"
"969287","2375309594","00000000000000000000f89c52a3e19ed99ac5069a1f3300903c68b448c3d560","1790760647","17021ec5"
"969286","3066500879","0000000000000000000188d91684a7718d18ca423068eab0ff3c67e793fd4554","1790760355","17021ec5"
"969285","255142047","00000000000000000001aea5a422abc03cfa3563195c1caa452c2507448ac580","1790759306","17021ec5"
"969284","3644239339","00000000000000000000f46885d651d5ca0ffcd8fda96cd31b21f1a04670bcaa","1790758328","17021ec5"
"969283","482208243","000000000000000000003709ada3da49921976ea36bd05457e3d9b110a74d107","1790758023","17021ec5"
"969282","2165509739","000000000000000000007eddc3d89d9725361d03878bb97ebabc826ba812ff50","1790757851","17021ec5"
"969281","3328472576","000000000000000000001a2395c8ec1cb391245b15975a6257f649c019d0aa74","1790757032","17021ec5"
"969280","3458005222","00000000000000000000d3bdc1de8839a37fc7898e7de0537c3616fddfe39be4","1790756894","17021ec5"
"969279","77096531","00000000000000000001b9e4147318b1333a2fc0901f86182ee60d25fd9b58d6","1790755907","17021ec5"
"969278","2788546204","0000000000000000000134bb0444db9b17bb07dd8177f173c9eb2743d0621363","1790753987","17021ec5"
"969277","1174750085","00000000000000000000ec8db44efcf0389c6db051f3c0de031abd7c0b7fa3d3","1790753661","17021ec5"
"969276","746885101","000000000000000000007439bce07d0499b13f245601c5e6541aec53af9a9f3f","1790753535","17021ec5"
"969275","3016261846","000000000000000000004fc847324500b7f29da0a39b7df51eaf9c49afb38858","1790753380","17021ec5"
"969274","4252416889","0000000000000000000012f57006632b4746f328b35916b436364e674eeb9db9","1790752228","17021ec5"
"969273","829991944","000000000000000000004616d95f3edb09f9512917dff3ba2f16e77d8f804a21","1790749446","17021ec5"
"969272","1649638301","00000000000000000000e09bb5a79cc7c588538332d0fed5e8da45b0a1404042","1790749320","17021ec5"
"969271","1299304323","000000000000000000018fd1e9e312813c295ecc14518bdca55ad147350486ac","1790749259","17021ec5"
"969270","549019993","000000000000000000011fd26ee312ca59457b59cb42971b05499e3b39525c4e","1790748674","17021ec5"
"969269","1267700913","0000000000000000000133f21675ee20b7859bc9dda59d5840eefba0e6e2e350","1790748283","17021ec5"
"969268","3777978889","0000000000000000000140be34fff4f4ba7b43e81c8c3ad9881c9a740e110fa6","1790746983","17021ec5"
"969267","2843564154","00000000000000000000087d4df934b8acb42fa448da579a37c9471a034d97b4","1790746428","17021ec5"
"969266","2549315287","00000000000000000000eac6194e77fa56ddd3a5c838102dece47399893c4f5b","1790746421","17021ec5"
"969265","2552656534","00000000000000000001650255beb7c594a204f3de8c7e9b7f13fd0548ad0f78","1790746319","17021ec5"
"969264","3868224522","000000000000000000018f2b886dd05a870b86fb96e3902fbe20c2241d4ef216","1790745509","17021ec5"
"969263","659590456","00000000000000000000a3365f439ae58e6d907c3193db014bd49eb512e8cc7b","1790745464","17021ec5"
"969262","2142265424","000000000000000000001d69b99e7bc3ad66e139b824893055032b2ecbfa8ed7","1790744652","17021ec5"
"969261","3708251187","00000000000000000001e2a9fe08b34034ae0ff412954981ce56d1210fa5e8e5","1790744195","17021ec5"
"969260","3050840724","000000000000000000015e24a76734ed635999aaec28d823889019c4ed7970e4","1790744119","17021ec5"
"969259","2381515293","00000000000000000000eca2c8dee3366e0e7edf11dcb5ef491362a0b57db6de","1790743097","17021ec5"
"969258","1366284129","0000000000000000000020ed363c10c6e752740b8ddd0a48acea2a25d8ed823e","1790742961","17021ec5"
"969257","2315698727","000000000000000000004a52701616fc290ddf690056e031ecb4354ee80c10d5","1790742707","17021ec5"
"969256","3380798287","00000000000000000000e7c39d6f17ca60f60fdbe37a5745856988806996aed3","1790742152","17021ec5"
"969255","3670847322","00000000000000000001b16327b15280e865d888bec76368d1e0b6bd6ce91622","1790742096","17021ec5"
"969254","3468100486","00000000000000000000d21bd42de88a277d350bfdc6511aaf813d68aae25e26","1790741981","17021ec5"
"969253","2581546701","00000000000000000001bd85fff7221a4cf88b0bc2263d2733c9e60cb333ed61","1790741538","17021ec5"
"969252","2200800446","0000000000000000000150faa48f43caf4acb67364b3208d969a5ef5fad832ee","1790740465","17021ec5"
"969251","277195245","000000000000000000018ccb26be10fcbb0ef605cc3962eb9ac1828bb8bd6003","1790740450","17021ec5"
"969250","2686703986","00000000000000000000cd41f873c880d3b27de7d572155739db6ae0056e871e","1790740428","17021ec5"
"969249","997093108","00000000000000000001640fb58787f0033948922e7db52bc3bf4d2d1e375058","1790740279","17021ec5"
"969248","673822904","000000000000000000019f4ba50080c02d5fe5fc7f9928c291436d282059cb49","1790739820","17021ec5"
"969247","3682994625","0000000000000000000182d07f576bca48c40e4b7f88ef6b0f61a219b9538d49","1790739421","17021ec5"
"969246","2016709143","0000000000000000000142edaf767f87cf1fb3242c63f60f2473e79416050222","1790739046","17021ec5"
"969245","1606980484","000000000000000000020016a6354a66ab7e80e3e840ab429dbad02b02768ccd","1790738086","17021ec5"
"969244","4234919423","0000000000000000000105c6a4a635f3f75e932a855a5f07eb00b0fa2400b8dc","1790737243","17021ec5"
"969243","1807752088","00000000000000000001f992694be305f914e220e1811377d9a4687060322017","1790736502","17021ec5"
"969242","1009253535","000000000000000000014e77d24ec004cae8ad78ff547a2a852f8873fda5a77e","1790736057","17021ec5"
"969241","2521838213","000000000000000000021929a79d8a29362af0dcd97f2f27aa30a17e61d471d2","1790735928","17021ec5"
"969240","73424992","0000000000000000000218b9da8aeb3ee86e22f16ee783a68bcd15df40bbf1c5","1790735733","17021ec5"
"969239","345044804","00000000000000000000844a70b16301089163302a10ba009023c304b90d79ba","1790735591","17021ec5"
"969238","2736701450","0000000000000000000195d7256dc18d894d3ba2b5388f8a85de230124a37535","1790735363","17021ec5"
"969237","1970975083","0000000000000000000040c40549cdc7cf645bfd66432c1251d418739082a373","1790734122","17021ec5"
"969236","1624705611","000000000000000000010673be0bbadcddc01435c1732aa17ef4795e5ab8fa0d","1790732233","17021ec5"
"969235","2576949769","00000000000000000000af90e6226650d00ba63e9ac4875cd479ada5f1930cb5","1790731987","17021ec5"
"969234","2187601055","000000000000000000002628072c0cbbf1767aca95785e594252ae006e594782","1790730814","17021ec5"
"969233","2941345772","000000000000000000017cf6107fd52223e886a8d844df47963ddb1f9a3c2cda","1790729481","17021ec5"
"969232","2254335021","00000000000000000000fcd2bef2ddb54f987d9e107410510c6e65f78b1f30f7","1790728625","17021ec5"
"969231","1277258225","00000000000000000001320829e8b2293f4beb31853da2c4ca38338a6869da37","1790727602","17021ec5"
"969230","731605180","0000000000000000000076898ebd1a8e310a5f5aa38b19042deb36615f0d308e","1790727749","17021ec5"
"969229","2876492841","000000000000000000011a4db08cdab48a6c98690d75d7407f0e95b83350fb6a","1790727369","17021ec5"
"969228","1121016232","00000000000000000001616fe9c119f33ac96ac74dc7e144b5dc76b381e0e770","1790726194","17021ec5"
"969227","69985287","000000000000000000016d997d7a086964d915d5e298325f12cabce574caae80","1790725438","17021ec5"
"969226","2700847372","000000000000000000020988e535cee2ac14f392c3e1487c33a6e00b987ee9a2","1790724321","17021ec5"
"969225","3748481359","00000000000000000001bf0eb391c355c795754bd5a3fa3b5bc2917936da2ebe","1790724285","17021ec5"
"969224","3086834525","0000000000000000000063ccb37dfcaf9e8a897dafd33e248ed2ce04a6b66455","1790724158","17021ec5"
"969223","788013367","00000000000000000000fa2deb9b41725b4169d545041c944d5629d4861441af","1790723985","17021ec5"
"969222","3770320218","0000000000000000000147cf513566846a1ba779bd36c8e3e1f31eee97762181","1790723940","17021ec5"
"969221","576645962","00000000000000000001551949e64a11038f3dc88c584f9000e64d56fb3c673d","1790723800","17021ec5"
"969220","78701334","00000000000000000000a241163c0c1fecc7ce33a6a8c0469e5a44cad64ed143","1790723678","17021ec5"
"969219","4194094714","00000000000000000000c51380295ac10ebf402847ec907e79d9e22f83b38063","1790723349","17021ec5"
"969218","2263250220","0000000000000000000032e65b863d0c0e3f707b5a9022be8be51232b949cf16","1790722852","17021ec5"
"969217","730314804","00000000000000000001e2f9a7bb684d9f23e3eadad367f23b11e67df94db17f","1790722459","17021ec5"
"969216","3884580921","000000000000000000016fda86e1f97d6daf2d4d3ef8dc39bd4a11f9f6885cef","1790722430","17021ec5"
"969215","688669960","00000000000000000001f393ded0b5450c241b6acd1c90626dacbeeb346eaf67","1790721724","17021ec5"
"969214","2241151176","000000000000000000003c5ec7cc192d0265c2c59dd0a1d07cbc5084321cef54","1790721195","17021ec5"
"969213","3293348490","00000000000000000001f692d7f3cf2d3691b27afc4137feb2539831f56cfbfd","1790720331","17021ec5"
"969212","98905741","0000000000000000000040e066e7869eabd14e688ec89bb99df987afa81ff195","1790720312","17021ec5"
"969211","970381277","00000000000000000000bce3c95363ecedfd1ab2a64f3371477d7c2e1613b807","1790720227","17021ec5"
"969210","1645131391","000000000000000000005ee48d874e471a5575ceebbf1840b41bb596336d4ecb","1790719877","17021ec5"
"969209","1520384774","000000000000000000004a1fa3e79a6f1f2d4c2b60aa1165e398589c27529b4c","1790719023","17021ec5"
"969208","818116594","00000000000000000000376a40650c22e4c96f562660d3a537d3a4da50ab2673","1790718176","17021ec5"
"969207","2600107752","00000000000000000000bc5d10cc30e31b2476ee6bca6e1de34c1c18842c353d","1790717949","17021ec5"
"969206","1963039431","000000000000000000020a68c22958e1fe58faf8ea52ffcca5dc48e31955097c","1790717223","17021ec5"
"969205","1533206629","000000000000000000021acc15430db4a7d1a038831cd746468680378f12f653","1790716616","17021ec5"
"969204","3275770380","000000000000000000020626f16a372297d73351c756e4545eb5842e496d9921","1790716240","17021ec5"
"969203","447001601","000000000000000000008b88dbffebe2b87debd75d7fd3f095488110df356d4c","1790716120","17021ec5"
"969202","1016049406","0000000000000000000157ccd74681c195b65fb956e29d0b3c9c2519588cd2b8","1790716087","17021ec5"
"969201","2786589290","0000000000000000000107696a38c942873aca29475e5eccfbaf76b6ef10980f","1790715857","17021ec5"
"969200","2688357257","0000000000000000000174ef317abe3a5b8f8c69574fda780b62f7870dc53342","1790715832","17021ec5"
"969199","2570554661","00000000000000000000f473d7c25b245a10d5238283945007fcbefb076d65e1","1790715338","17021ec5"
"969198","1419233045","000000000000000000002af378eff440c89bd7b7b2f86c0eb79493ed88af8cef","1790714279","17021ec5"
"969197","368183405","00000000000000000001b5b3c8efb0ac718c4c53d856833d692cea68da762b34","1790714131","17021ec5"
"969196","699564152","0000000000000000000154e8c20779af9b95e354835f1a621efd2a4e13965611","1790713174","17021ec5"
"969195","1787155988","00000000000000000001271db79d9385d81f2ea169414fc6972c7e8ca0fb7a76","1790712552","17021ec5"
"969194","2275835995","00000000000000000000eb81bab71d59d3497f19670a52147047a9c07a7b840d","1790712265","17021ec5"
"969193","720093083","00000000000000000000137b7b9700f07f8c5343b9939db7a0b64c6e2b31d17f","1790711967","17021ec5"
"969192","2000890033","000000000000000000004512347a7b16e76717d129f8ee71c7805113d07a32e9","1790710302","17021ec5"
"969191","1622913022","0000000000000000000053f2537bd898d2aa128b8dcb4e5f02893e419eb262d6","1790709740","17021ec5"
"969190","97221495","000000000000000000012169707ee22087f306be92086f0f4265ebfc53348123","1790707464","17021ec5"
"969189","621154329","000000000000000000010697b6a836452c11734bc10fe3ae99587630df0568a2","1790706624","17021ec5"
"969188","2515477264","0000000000000000000156a62f636df63d77da47e993960ec0aeec916127b4d2","1790705476","17021ec5"
"969187","428552472","0000000000000000000022e9868f00def2f4dd5673549b52f0b9a98bb45b89ec","1790705390","17021ec5"
"969186","3400285162","000000000000000000009586c85ab5f3a42941cab507aebfd365e3d2e89dce61","1790704352","17021ec5"
"969185","4216429162","00000000000000000001cbe8646755d8025c6e8c8c9bb9e446c979598b63dc2b","1790702350","17021ec5"
"969184","180740240","00000000000000000000304251e5a2340f7fd47824b3c233d8327b2d343333e3","1790701761","17021ec5"
"969183","4159659656","00000000000000000001bcd21124228c8e21504b44283794a75b0275bcfbb12e","1790700875","17021ec5"
"969182","373689250","000000000000000000009e27f2e39ab29331136e2c995671931be94fbcace4f6","1790700501","17021ec5"
"969181","2408475013","00000000000000000000b9eafcefb04ed0a98e4686a7c3cc49c86fbea3ec8287","1790700117","17021ec5"
"969180","2236555598","00000000000000000001746278b5bcdd729c5715d14cc3df37b0385352927fb1","1790699022","17021ec5"
"969179","850240918","000000000000000000017c613afc50853f4eff17ad118604ccbcef60c6eaf0ba","1790698831","17021ec5"
"969178","4212467655","000000000000000000012c18989e985d6fccae6c9aab2b4a6395b688a2c67d51","1790698070","17021ec5"
"969177","987461127","0000000000000000000114bb209372ae83a03e6ed99ef62f7698d829ea4e4a2f","1790697614","17021ec5"
"969176","303302430","00000000000000000001a8f56cc78fb90b119c3c47da89f639a31f787d182040","1790697396","17021ec5"
"969175","933831878","000000000000000000012e32a09101cfe43c36993763f021110e4820ef6f93e8","1790697089","17021ec5"
"969174","1303358886","000000000000000000014328ceae5a169a649207a3da7e21c61cefc72870fb8d","1790696477","17021ec5"
"969173","1592452802","00000000000000000000b53b000d17b974d9f56d9289bad873801a2e9f04a9e3","1790695119","17021ec5"
"969172","3231822366","000000000000000000013506986513f18181b710b4241a66b49f5d2057d42639","1790694895","17021ec5"
"969171","4122951270","000000000000000000016bc5a657d718c5d3a81946c4bf1f8100089ae3751f3f","1790694876","17021ec5"
"969170","3402791731","00000000000000000000f04f1c68f9fa47a5ef4da8edbe5c42b148472e89f9de","1790693320","17021ec5"
"969169","3306261593","000000000000000000001913077c626d1e143fbd41054f700245dc15ba5f6153","1790692947","17021ec5"
"969168","3187372771","0000000000000000000045277dd320558fc3c7a95a827667cffaa8e4606f1b95","1790692869","17021ec5"
"969167","2611343287","00000000000000000000f61835466dda7bea31a8fed2ee2d77286164fbaa1405","1790692285","17021ec5"
"969166","4217575998","00000000000000000001b7864287be4cadbee3fd5cfe07acc8890318265d84a4","1790692158","17021ec5"
"969165","2653570613","000000000000000000010460f00f0d7bbf083b8d4f54fc5d210884bd7974b3c5","1790692105","17021ec5"
"969164","127287425","000000000000000000011d7c62692c4cf0e03a3440ec4a82f65e06ceb590719e","1790691977","17021ec5"
"969163","358973904","00000000000000000000b4470f4625308c18432ff28a7c2f22c0988303d1898d","1790691514","17021ec5"
"969162","495456836","0000000000000000000019ed4b98133ecb379798f433f5883d3afca88ffb3567","1790690758","17021ec5"
"969161","873309011","00000000000000000001544e99d743e00dcaabc696ff8285ec026ca45f5a9f91","1790688724","17021ec5"
"969160","85504069","00000000000000000001a429785d8938608c424b7fd16096bf530b67a8193ee4","1790688721","17021ec5"
"969159","9782612","00000000000000000000f8c51b1f549d188655cf4faa2ce518184f31ced2dee3","1790688303","17021ec5"
"969158","3092367313","00000000000000000000024ee9f284a1975ffc7ca9456b7b28a700fbcfbb45f3","1790688573","17021ec5"
"969157","3751637682","00000000000000000001529d79c6d107736b33ba0ffcecb9beb7704320e34a2e","1790687725","17021ec5"
"969156","2557492737","000000000000000000008180db9d3c51c8e9ba147becb3d2286a68b65a279e7a","1790685635","17021ec5"
"969155","934504813","00000000000000000000b9ca5b45a7f6b517ee10f960900de5bd6d35f8b80fda","1790685470","17021ec5"
"969154","1078502946","00000000000000000000d2119dfa81a95d8adfb31a17a1fec044e451fc9ff9cd","1790685081","17021ec5"
"969153","1921583342","0000000000000000000191fb7af1226c3c77d29d52544d6797aa629f60f486bf","1790683794","17021ec5"
"969152","4245288234","0000000000000000000041437271270e5b8e04020687d0e3e08f9f6e2f2cd816","1790683571","17021ec5"
"969151","2798236220","00000000000000000000dfdbeda6f451c1221cf2b31e5ce10a1b529810cc60c7","1790683531","17021ec5"
"969150","2172798125","000000000000000000012fd2652bf345017b75a91ea2fe8c80fc966a9f3e51a2","1790683143","17021ec5"
"969149","2179577713","00000000000000000000ee82b73e3d9a5048ad6dcf57f5fbcd5cd10c82f4ff0a","1790681985","17021ec5"
"969148","3170956647","000000000000000000006807cd520b14114f5c3a9c320ccb6b1279f9f94c32c4","1790681514","17021ec5"
"969147","273965557","00000000000000000000f5d1eeafc66e9aa2fbd1d12df4c35b754c45682c963c","1790681381","17021ec5"
"969146","785123023","00000000000000000001e0cc94c28b873c2de247988089146601214898123c50","1790680687","17021ec5"
"969145","2395537718","000000000000000000016b77821f2007c215d755da88814df6573c8442d6b1eb","1790680082","17021ec5"
"969144","2973049293","00000000000000000000f25ce51d5522979f420926bb66a0640d2b68829ff4d1","1790679905","17021ec5"
"969143","2457730539","00000000000000000000df713ccaf05089a9eaecf7d688806e75e2462d490350","1790679769","17021ec5"
"969142","3453502407","00000000000000000000c84fec4c23ca602eda1c0aa419f7c11d076e0105e3cc","1790679764","17021ec5"
"969141","2207717740","0000000000000000000128b2652939194ab1c87ba20f80e97d6cbc3e6014eb00","1790679599","17021ec5"
"969140","1326848647","00000000000000000001efde09f960b64af5b04ebb68d17473061047be342f7a","1790677324","17021ec5"
"969139","3257919143","000000000000000000004350218447a35e9c58495b9b81ed157471fd734d4323","1790677024","17021ec5"
"969138","1961760646","0000000000000000000163317efebd6afab1b1cfe4d2ad467cfaf25855329e63","1790675848","17021ec5"
"969137","2475565183","0000000000000000000135c66c48764e2fb8aef234fdcc029302b10d90af0536","1790675284","17021ec5"
"969136","670078240","00000000000000000000aebc8dc758888998e96e870b9950bcefe53cbb28c9b9","1790675197","17021ec5"
"969135","4081858583","00000000000000000001cd45dff26c46493e4bcfc43bee6884874f6b184025cd","1790675120","17021ec5"
"969134","2964919062","00000000000000000001e90c462d6c011e2b045d1295128ae6a7239549e54140","1790674139","17021ec5"
"969133","1457821557","000000000000000000009f15bbefb0912d1fa102363ce5e440f6577c247ff896","1790673682","17021ec5"
"969132","40276303","0000000000000000000081b1514781770d750e0dd83fe9df81c9a7e4b495a3eb","1790672881","17021ec5"
"969131","3216879963","00000000000000000001772431ae0fb6be36fdf0dad17ace449044fc31a39c56","1790672868","17021ec5"
"969130","1246483520","000000000000000000019459a01fa234bff3afeae1749f2e9466f9edfb4990e4","1790672201","17021ec5"
"969129","3954669152","0000000000000000000142f820d41bd135af2788cc51bbe3b2e8998f0213fb29","1790671250","17021ec5"
"969128","217341622","000000000000000000018c3c319d2539028d0a2727b529678ca16f50af58977a","1790671028","17021ec5"
"969127","981475651","00000000000000000000a786c1d5ec636bf1b81655b4b3fe2e949f982053c400","1790670667","17021ec5"
"969126","1786450732","000000000000000000007846282128609ac3e41ff59b91e6657a76275c5ed4c6","1790669882","17021ec5"
"969125","498687005","00000000000000000000467a5aa5af53081ef05fe4fcfeb699ef5d61354dc6d6","1790669804","17021ec5"
"969124","2985804861","000000000000000000014ad47e6ced0dc62d053212b93a3716bb1d3826d5ad1b","1790669801","17021ec5"
"969123","1089296464","000000000000000000000ab46fa1a78ce026caa1051cd81fb988126724fdd242","1790669794","17021ec5"
"969122","1771271712","00000000000000000000786198bc9e11e8edd53d978ff0ec0ff617deddde1c11","1790668677","17021ec5"
"969121","3759340560","00000000000000000001f377f76e9f05d4499cf41ef1a7ffa12c6c1bef59a74f","1790668517","17021ec5"
"969120","2485189178","0000000000000000000120121321f57d08db963cf64f998ebb4d71ea7055f737","1790667721","17021ec5"
"969119","1492968692","00000000000000000002057ecbdbf448cf69265ffce40cc7bb4176ecef104976","1790666598","17021ec5"
"969118","1033914495","00000000000000000000715d35dd4b5230a342853c82935b63a1683f7b203b8d","1790666101","17021ec5"
"969117","209170167","00000000000000000000ca7b8e8fa6ae145df4645df04f333b742cb36b6e0b74","1790665207","17021ec5"
"969116","1573820797","0000000000000000000212e92ef24030c7679d97761f8cd6c76c07f44ef7eaa9","1790665290","17021ec5"
"969115","660369345","0000000000000000000118ea6aaf3c4369fa6f826aba39f7b9c8896fb2b5b442","1790664919","17021ec5"
"969114","2755956815","00000000000000000002076d3d0272949f7bcb0a9887b12f8b9cc95d5e2c6b16","1790664875","17021ec5"
"969113","2421212320","00000000000000000001aea9e28a91b5623305a798635793977d44be8351e909","1790663861","17021ec5"
"969112","1414705203","00000000000000000001d59ced33cb289aaa5fd21e734b607abccbbe9e8349e4","1790663758","17021ec5"
"969111","138306727","000000000000000000017fc31e1dd00e8280c5a9e606a1b66c2d8af7a4f9bfc9","1790663735","17021ec5"
"969110","927682923","00000000000000000001e60a11e00706603bcfe417f9f8eba6fb1c11789a3f42","1790663189","17021ec5"
"969109","432632427","000000000000000000000474eca618c25628bef0c45f29aaea93af7a28384413","1790662458","17021ec5"
"969108","1817485959","000000000000000000011a3d70458ca8ee918eb3c139a05afe4a68dd95a8ce3c","1790662420","17021ec5"
"969107","1354512834","000000000000000000012dffbcc0b0a4da6913c6ff17260e0ec6dafbe137a6ad","1790661897","17021ec5"
"969106","4043784402","00000000000000000000b077088fa076d4e1d14fb0ec07fb0c9224a96748f866","1790661675","17021ec5"
"969105","2532011315","00000000000000000001291cc010d0118453fc9f844636b7addf3e45af252944","1790660317","17021ec5"
"969104","2356193556","000000000000000000003d840555edb21694c5982a9949b7eb88bf4296643c9b","1790659899","17021ec5"
"969103","2765663579","000000000000000000009f6851f078248267181a68a921e56c2ab457a44433e4","1790659720","17021ec5"
"969102","961745083","0000000000000000000011418cc933acf7d61c33ed459a4a2b0c7d48dc24598f","1790659500","17021ec5"
"969101","3815411273","00000000000000000001e0f757f2636e8b2311186ae869b8da74c1b1cf45a7ec","1790658867","17021ec5"
"969100","1691552457","00000000000000000001c7cb91c382ef1f4f4f306eb40ea0ff32d7f8e9c85197","1790658862","17021ec5"
"969099","2155779198","000000000000000000013d2b689a629a0e2b4146c010ffdf1d053c7ce5f7f3ab","1790658548","17021ec5"
"969098","1944523545","000000000000000000001d0fb87b8cd242dbfd9f037ba7f2a8e7668ea05d98ce","1790658330","17021ec5"
"969097","1686040903","0000000000000000000118fe3339e022ea8897e1896ee4f1203bb1cb60ff030e","1790658241","17021ec5"
"969096","3842525664","00000000000000000000412731c251d528265068618dae4bf1af3c1ab8625ab6","1790657429","17021ec5"
"969095","22705978","000000000000000000014ae399b91776e3d382a6df79af372d78a8c506fa8b5d","1790653721","17021ec5"
"969094","1594584366","0000000000000000000096da476223431cdf1e5b47b20b9e244c62024331993a","1790652846","17021ec5"
"969093","1900977261","00000000000000000001158d2a0ec78961932d3125d58a483fdae85b30999e8d","1790652463","17021ec5"
"969092","466558564","000000000000000000013dd3351cfc7fca1ba58b8b3bc4e5bb9637d514e97331","1790652208","17021ec5"
"969091","4048793601","00000000000000000000bfb0298e3a7de8b213133b458eadbd73ba4c5836da88","1790652529","17021ec5"
"969090","2977720258","000000000000000000004e4a0d49c6f9e8ccaaf4dcc3b70a9163fe520a816046","1790650054","17021ec5"
"969089","1820825722","000000000000000000021bbd221b147b3cc1921dba7a53b78520044b9a3c7f96","1790649842","17021ec5"
"969088","58407493","0000000000000000000157f6efea3cf3f78cfd203819109a597fc12a2271b190","1790648384","17021ec5"
"969087","4212957745","00000000000000000001d305aff6a2418946218ff066a86a7aef42058f5d5269","1790647560","17021ec5"
"969086","3449264350","000000000000000000014e2431520fcad943697cffa9260ba12a38c5459fcc91","1790647167","17021ec5"
"969085","502981148","000000000000000000001abc2576eb69ed751e49d3bf5dd9f3d6aba35a1ad708","1790646600","17021ec5"
"969084","1077144015","00000000000000000000d1cd161ccb111092db2141302d734f5228e83820c563","1790645927","17021ec5"
"969083","2688287001","000000000000000000013ad98c7529616b416a28a7fdceb87848be22500935ec","1790645703","17021ec5"
"969082","1293266459","000000000000000000005400db72b12f1cc96954f0c8ee314045697ed1f5dffd","1790645686","17021ec5"
"969081","2294601972","00000000000000000000d55ad52942288aa5c9c85cf8d2374ead2d2d7c62b93a","1790645022","17021ec5"
"969080","3265116895","00000000000000000000f585c192db93838b0afef05fd428a7e77cbc9fed6d3e","1790644202","17021ec5"
"969079","135272528","0000000000000000000176dcbaa5ce6984abf77977820e30634f2659ffb5d033","1790643956","17021ec5"
"969078","1156529357","000000000000000000018129f35a3ecf5cde53796ed23220328db62e02a489bf","1790643540","17021ec5"
"969077","4231293184","000000000000000000013bfc990a5a399a57f4f4580c9531125dcf18ad166427","1790643124","17021ec5"
"969076","3802679835","00000000000000000001247fc1643115fd1ba0d2f82443cce819e234041c1bc6","1790642929","17021ec5"
"969075","2373738159","00000000000000000000998517461f5594187933f83732f127e5e17df1b64e76","1790642771","17021ec5"
"969074","1346536126","000000000000000000007663e672156b4e617c91dd7db0aaf64b58f34c32318f","1790642712","17021ec5"
"969073","473078648","0000000000000000000174c7f856cf6102dfe254a024f35ff2279ca679290def","1790641911","17021ec5"
"969072","853079800","0000000000000000000093f8a49e7bfdea1de28a5abcec362707bbef34c9bb6f","1790641460","17021ec5"
"969071","3051098418","000000000000000000015b4b35aa0027e3d23beab0129e92ccd0edcea552e022","1790641112","17021ec5"
"969070","3982391061","00000000000000000002050db768606e5ab7234f726af8ad6ad2145c3a9efde7","1790640325","17021ec5"
"969069","691383030","00000000000000000000f68981badff3ed09fe3de9278a032fd6693db9298ceb","1790639936","17021ec5"
"969068","2526662845","00000000000000000001b968478aa2f9e39ce0d9e076400d01882e36e55f9925","1790639832","17021ec5"
"969067","605411551","00000000000000000001680938cc1bfee6f36b0361d43ab7e4363d5e0c6e32b7","1790639774","17021ec5"
"969066","1699474192","00000000000000000000632e4106e17c091b177d6775c2a3d8436553ae5b0ccd","1790639420","17021ec5"
"969065","3752803704","00000000000000000000e5d4d6c1d3712a27bb5752fd5152c6a52fbcf6c09589","1790638125","17021ec5"
"969064","3001200988","0000000000000000000131b221068d89eef9f7fd5082a6150f51f0197f04e4c9","1790637332","17021ec5"
"969063","2611262900","000000000000000000008eb055d2f5c0a7a7008a4f69e833996505578dd867b9","1790637105","17021ec5"
"969062","2962558618","000000000000000000004bf8f8b536efa4098962a4bbec15968ff9ba1e2d82c6","1790636829","17021ec5"
"969061","249873892","000000000000000000008c1b4d4bc9ad60578d01382b7a0129248f7231fa082e","1790636400","17021ec5"
"969060","1652656637","0000000000000000000068e846ab76cf2e4617f61a1463061ceaa6c45032006c","1790636325","17021ec5"
"969059","957438011","00000000000000000001cbe36feb98afc23ba589063f146e4c69c960b448057e","1790635397","17021ec5"
"969058","3649609926","000000000000000000017aafa9a6ce6d8e1bddee75d769fab4a5103ca23dfcc6","1790634707","17021ec5"
"969057","3517397039","00000000000000000001d833aff066c911def62484681e992e22f00566e822c8","1790634478","17021ec5"
"969056","2897626630","00000000000000000001d7883533abd171ece8bb847a093c33ae68e514847475","1790633559","17021ec5"
"969055","3957894693","000000000000000000016072ba9673f439c8272f459082f32704c900c7ea1a67","1790633849","17021ec5"
"969054","819726760","00000000000000000000f8c6535ca572e81c83ebbc7b3fcd25db62668bd88f94","1790633409","17021ec5"
"969053","3868138547","00000000000000000002129cdb0b58d3684032b1cb2f953a7ca8dd2032111a8b","1790633001","17021ec5"
"969052","234994202","00000000000000000000632115260a94b9abeb62780dae79f4b6261dcb533578","1790632474","17021ec5"
"969051","1160595176","00000000000000000002145a3ddf4cdb0c71501f2616134872d75058f37f29e4","1790629909","17021ec5"
"969050","1954248387","000000000000000000004d497c805af905d06a403c02932cbdad28af19f9412c","1790628894","17021ec5"
"969049","851778817","00000000000000000001547a427fe76b275896e00f411542baf292b787ffd67b","1790628024","17021ec5"
"969048","3466721306","00000000000000000001ecb052815447867c79233fd5386708470c5975b4214d","1790627615","17021ec5"
"969047","2671120275","00000000000000000000bcb0609a6ddbcdbf7b1209b2af5ad779eaf4029d373f","1790626977","17021ec5"
"969046","2145025983","00000000000000000000d7b23232b76bc9fedb01db662af5f20a33c7a50823f2","1790626455","17021ec5"
"969045","3091590180","00000000000000000000544c393acb82500b3163f1a5c0647cc6dacddde12d00","1790626274","17021ec5"
"969044","1934931165","0000000000000000000072b46d239a25a562440118a6ea21c28f5da846201ac9","1790626438","17021ec5"
"969043","3073164294","00000000000000000001d9efe95de7b0f08e79eb8f2fcb7f8dd60765f5d31b40","1790625696","17021ec5"
"969042","1054358546","00000000000000000001f0ca6e308eca5729677c6b075c5a09f20db93dae8fc7","1790624925","17021ec5"
"969041","3965807390","000000000000000000002cbcf9887b04e4e8421b692d01febadeda560348d5dd","1790624308","17021ec5"
"969040","1461541472","000000000000000000000e3b8c0de6116179d4726ef02855e4838361a3ad0df1","1790623765","17021ec5"
"969039","2494980648","00000000000000000000068a8e10439c016b27c37847a926dd1f8fb3d70ed37e","1790623633","17021ec5"
"969038","2078457051","0000000000000000000150843d2ac541fe266499c12ae49b2d0d0c5e48dceca5","1790623543","17021ec5"
"969037","1708886680","00000000000000000000a8a33eba5718e807b4d5ee2d248ce9d952ab5e96c9d9","1790622330","17021ec5"
"969036","4287193863","0000000000000000000077aa521fce48e7ad3c864d3e55c8563044a5336ab876","1790622102","17021ec5"
"969035","1125551730","000000000000000000015799d1ed295a480f7ac03bd226b3510032d214e0e674","1790620850","17021ec5"
"969034","2944317416","00000000000000000000bda117a49c6c0e284780ffd9efb68bc6ca8834f7b096","1790620839","17021ec5"
"969033","21611340","000000000000000000018dfad7fe73448125bce698b96a031ec773130ec2572d","1790620738","17021ec5"
"969032","242203232","000000000000000000015d8bef32320e881dd35572367a15c76a3d9416ec959a","1790620062","17021ec5"
"969031","1328607406","000000000000000000011ccdc8a36216e7ac2b2c0150802bfe0fb609a5024cbf","1790619780","17021ec5"
"969030","1568570759","00000000000000000000a134b9ed81ef8a959e7f57d883910dda3c0e19b9994b","1790619260","17021ec5"
"969029","4150803774","00000000000000000000b210a24e5cb1617b44f8f0187d56e90a4a4adf153691","1790618801","17021ec5"
"969028","3476736610","00000000000000000000f9969fe4a3ab203f30d360b8883782b7049c8f18b1bf","1790618446","17021ec5"
"969027","798107062","0000000000000000000013f36946788697b875ea28b3cf1b72e63bd92051deee","1790617978","17021ec5"
"969026","1075549656","00000000000000000000a6884a243291cc7424fd5e621d71b84b3158a3bda5ba","1790616711","17021ec5"
"969025","2612476979","0000000000000000000067495687fc7b7ed857fd060af4ee231419611361d636","1790615372","17021ec5"
"969024","2336790499","00000000000000000001e181f1a1103733d064de4e8b4c6e65fd846ca77f842a","1790612931","17021ec5"
"969023","244099565","0000000000000000000049c502761f659831d950c0f8ef404b4e2a03fee179ee","1790612561","17021ec5"
"969022","3196360718","00000000000000000001b850663f805535acdc3e9377e0d1992192133e851768","1790611906","17021ec5"
"969021","3776925076","000000000000000000015e2a63e62556e571b0d6bd26b9c4840e6bb2358c88b5","1790611436","17021ec5"
"969020","2285157546","000000000000000000019103761ba98bb0f8635188ab6f2ea26f870d0d1ff9b4","1790610473","17021ec5"
"969019","240263049","00000000000000000000e2f6ee3ad679893cb6cb81cb6192ca7cd320e258dfee","1790610337","17021ec5"
"969018","2558303555","00000000000000000001af76907ad6404ac22d4f8c14c9b10420fd67d4d09159","1790610139","17021ec5"
"969017","26294995","00000000000000000000db677c3bdd3d0b5985246b13f611cbad26a48101f020","1790609610","17021ec5"
"969016","1461918526","000000000000000000010a7ae65e35b4dec8fcffa9cdf7303b6884004000ca0d","1790608580","17021ec5"
"969015","2807121242","00000000000000000001b2e2e9e0d3404592b5cc2ae999e54bfc007a4efa2c07","1790608393","17021ec5"
"969014","3506853214","000000000000000000001ac25b88e663e4c04662b1aada6074d6997002750253","1790608365","17021ec5"
"969013","1179707380","000000000000000000000c436829996b7990d3353416981594eb337b8386157e","1790607929","17021ec5"
"969012","1529212252","0000000000000000000125b0b0bad324b08d1cd745b48186929239e66da637f9","1790607690","17021ec5"
"969011","3031956688","0000000000000000000050ab3c26e1b6e127364362095f09dbbb1dbe57aa52c8","1790607409","17021ec5"
"969010","1755682323","00000000000000000000492192763000e057d18eb37c46db02cd525aa4f7c54f","1790607393","17021ec5"
"969009","1893259769","000000000000000000010edade8fffaeb270cde4792a717980a82d1af73269e6","1790606996","17021ec5"
"969008","1291575729","00000000000000000000f315977565dab2e97a5e7a276b33dcc6c9b2274291ce","1790606892","17021ec5"
"969007","1916310542","000000000000000000021a5b39345182fb185c9e6af5860b579b7f176ba70f4a","1790606427","17021ec5"
"969006","923951248","00000000000000000000166c1c378c4a4396e917eff1c22da392fe140f8b740c","1790605100","17021ec5"
"969005","241750878","000000000000000000009e75f352352570ec3755d2edbaba3b79da50ac9c5619","1790604197","17021ec5"
"969004","3514163739","0000000000000000000131b7105b0e8f8ef44d3e3c961902ff5cf4aaf0c96b36","1790603700","17021ec5"
"969003","122995704","000000000000000000015856107d8546d2821369235a47f97ca073da7d33ae60","1790603627","17021ec5"
"969002","2050775532","00000000000000000001d686023d71759425666dc11c71af0af29d453a04ab07","1790602250","17021ec5"
"969001","766338079","0000000000000000000088f619ad1595d5497bd5137a65cb66cadf1ba2dd0610","1790602134","17021ec5"
"969000","2284499166","00000000000000000000fb6c31229d2253cd7161c9cb72cf03d2e3d847e9a22a","1790600877","17021ec5"
"968999","1863343995","000000000000000000000a20227e54154bb16bc17858da76ca8857eb6fee12e5","1790600115","17021ec5"
"968998","2799597233","000000000000000000020532253bcfe86b161a80e0f9395bcc66fa5a53b56ced","1790599402","17021ec5"
"968997","2509698089","0000000000000000000213e53c2b6385ccaa249a640363d5b380cdcf08ac7b40","1790599357","17021ec5"
"968996","1859801639","0000000000000000000212ca1b914541f19a9415115cdc7bc6a9cbb6068fd73f","1790599008","17021ec5"
"968995","1971860836","00000000000000000000ae63ac51b71f605ca502649009a2793fd5fce070ce5a","1790598850","17021ec5"
"968994","1279225553","0000000000000000000184fc04bc6abce57b765ffe11b7de278d327988ee284f","1790598468","17021ec5"
"968993","175889499","0000000000000000000031c334e93cf0775d8f9d69407c9d7f55f7f3eaf66204","1790598437","17021ec5"
"968992","3309230076","0000000000000000000022e2e4ed9344113d0b7b6c6d7277b01cc043dde6d2bb","1790598405","17021ec5"
"968991","3342831194","00000000000000000001a269af272221e500041c1e5d1944eeb65ea92617b368","1790598302","17021ec5"
"968990","625915368","00000000000000000001a5b45792974b7e804ccadf79a957bed5fccc99df8178","1790598158","17021ec5"
"968989","1811551111","000000000000000000011314cf3c502ea51a4b2785bd55e1a65f05ad724e3247","1790597840","17021ec5"
"968988","3501853614","000000000000000000020cea800105bce3ff678cae14f1485e86b73c6ac9cb3c","1790597070","17021ec5"
"968987","3273282587","00000000000000000001586a5de0c4e4cdeb9c64a6a31a0ce44d59bfa812f745","1790595396","17021ec5"
"968986","969802291","00000000000000000001d6cbf1156267be870983876c3bb1162545cc57e8e183","1790595219","17021ec5"
"968985","959072534","00000000000000000000e05efd47f859106864dec682359e18801d959f007290","1790594667","17021ec5"
"968984","1033199397","000000000000000000006b00bca1842bc56bb0ef58db54407b74b1488da44946","1790594662","17021ec5"
"968983","2623864684","00000000000000000001fda875f17849e2253e785c92e9ca4a8fb4e39779c35a","1790593783","17021ec5"
"968982","21034929","0000000000000000000186fad237a3e9935c22336b7fd6370cfdb97efc920788","1790591882","17021ec5"
"968981","3527701511","000000000000000000005ad8c7be735cb0b08e0946809fb3f4a9e3aef86ff073","1790591559","17021ec5"
"968980","4142416440","00000000000000000000e5e4eefc6bfbdd7fef76a6f0b53d9fcb7c6bb6cf0488","1790591031","17021ec5"
"968979","2801024777","00000000000000000000e49858d87b901da1311d13b5fedd194835ee2018cbd9","1790590805","17021ec5"
"968978","607760060","000000000000000000014a520c63075090447f893a05705f699b76d13ec6ea30","1790590614","17021ec5"
"968977","2180714839","00000000000000000000d27d6507e25983133c74284ae2bba23a092d790e7d44","1790590651","17021ec5"
"968976","968811848","00000000000000000001b852a0e853f037885773229a7cd7f3252ddeacc6f9f6","1790589956","17021ec5"
"968975","3078783368","0000000000000000000109efaec6b1366df6315723e0fa0dbc2bc368061ad0b1","1790587938","17021ec5"
"968974","1399822408","000000000000000000018e3bf846b69d4fe5053fe6ffe698db05e4960aabee11","1790587744","17021ec5"
"968973","3807321889","00000000000000000000eaf22c3a03e7499d791b6a46e2bba40b9be0a0a2a15e","1790587650","17021ec5"
"968972","3530429685","000000000000000000016c5aeded5636600851185936508da3e1f2c4d46027e2","1790587297","17021ec5"
"968971","3710137073","0000000000000000000085c60a5b7fd21c0047bf1b7a29d667dfaa2e14ee4d95","1790587150","17021ec5"
"968970","2328011420","0000000000000000000041f969e26b79526aaeab206311a6733ddbc8157b7137","1790586768","17021ec5"
"968969","560609430","00000000000000000001bb35fa11adf4a80179d67077144310e265abe2257294","1790585213","17021ec5"
"968968","618908297","0000000000000000000150b2da491d82265158714f7c2c8207ad69b74ac4a168","1790585080","17021ec5"
"968967","916033001","00000000000000000000a62e0bfe61142289a05a8c44e49c253fcea05ff02df3","1790583780","17021ec5"
"968966","620010026","000000000000000000010a150ca48320792bb0c48c6647d8b7b6fe7c6fbf1f0a","1790580751","17021ec5"
"968965","2277623975","00000000000000000000c41775c17909251919d71db04609d62b4d899499599f","1790580608","17021ec5"
"968964","47258331","000000000000000000004e03c545dd959fb8cdd36262e39797a18dfa48f3e9f9","1790580103","17021ec5"
"968963","3946622386","00000000000000000001f03c64fe5410272ed8f4ff96f1532ef8764bdc9a320f","1790579258","17021ec5"
"968962","3453446096","000000000000000000004f66fa5c07ecc401be687af0ad9e88bd8cb89136995b","1790578890","17021ec5"
"968961","3334353979","00000000000000000001f09312175154ad8b4983248fe7a575aa3143edf88813","1790578732","17021ec5"
"968960","4031740130","00000000000000000000e66700857b4d0bb8dff78fbf1dd0681ce1ecc2ad5382","1790578646","17021ec5"
"968959","64094188","0000000000000000000089438c23f0e14874c95e567986cd836f77dbed90a498","1790578307","17021ec5"
"968958","720684364","000000000000000000012668266f166117615b5be750763fa6ce2f283fc5ca6c","1790578270","17021ec5"
"968957","3528707382","00000000000000000001bc4f9512a39d26d0056e2080bbd8313c7c0aca56fd03","1790576905","17021ec5"
"968956","2062381169","000000000000000000003ba922028b116d2e5510ae16b22b34355866efc1e432","1790576904","17021ec5"
"968955","193737038","00000000000000000000905bdf198180016269a5354707114f8866d836bfbb74","1790575902","17021ec5"
"968954","4234931274","00000000000000000001e50c7aca735e89f97c6f069306b3ad221afd0f480bc7","1790575259","17021ec5"
"968953","1286846881","00000000000000000001ac648359497c7e5c9bd6eea745571e5d8c964940eeb7","1790574969","17021ec5"
"968952","1291937379","00000000000000000000d994a468367aa49a494af15e29737ac5c1b788f02a8f","1790574379","17021ec5"
"968951","2718150535","000000000000000000011421e6860144f03bf6dcef6486d1b2a49bff076b3407","1790574296","17021ec5"
"968950","2581670760","00000000000000000002081ffcf30b495caa80b45dabba47ae7921d11eb870fa","1790574117","17021ec5"
"968949","3906235676","00000000000000000000d8441b7cde722a1477aa26c9cd53628128522b48004f","1790573178","17021ec5"
"968948","883798553","000000000000000000013bd12e2da93163b30579c9ce21106fc0e5cad4130dc9","1790572934","17021ec5"
"968947","4082806541","0000000000000000000012476d3180c5d0058a3fafc1cbd19d7986fa97c2d962","1790572844","17021ec5"
"968946","3543387697","000000000000000000000f82145f22d4e3ee8e1249d981550e8c80d22b90ee06","1790572771","17021ec5"
"968945","2760922742","00000000000000000000ddb07c41433b334092dcd69b8cb3085c54e81c74ac59","1790572286","17021ec5"
"968944","4187426074","0000000000000000000103dcb592da8d2313583f7b91726c5f22426bca00310f","1790571364","17021ec5"
"968943","2204154226","0000000000000000000200fd2a0478add2c9a6cb452763da58e7590b7636b8b4","1790571128","17021ec5"
"968942","3807438642","00000000000000000001761a46f8a754f6084d531d0b781e2c3bef552bfa27e2","1790570745","17021ec5"
"968941","923940017","00000000000000000000411498b80165379443b2dffee3d7c64497352f1c1c53","1790570235","17021ec5"
"968940","2910833235","00000000000000000000bc4c4730722d445d0c8c28166817b3947f30a020af40","1790570227","17021ec5"
"968939","3089721029","000000000000000000021547d542488fafae5cf88c3526d31919a90129967d0d","1790570152","17021ec5"
"968938","3714120012","00000000000000000000213c09f33437181779c43a417902fabdf6944db62588","1790569964","17021ec5"
"968937","3091797073","00000000000000000000fe6423c14131758bde4a8f5d42b4cc8ed0f030cb7408","1790569505","17021ec5"
"968936","3247253999","000000000000000000003c5687dee7151c9276675fcbbe4b2b11898c5789ee59","1790569356","17021ec5"
"968935","1095304907","00000000000000000001358fc6eca9fafe93873c40ed2f19152a14d18dc84b78","1790569182","17021ec5"
"968934","2703970007","00000000000000000001e3088fb8503ee55dd8643a504176fbe284b4a2528652","1790569029","17021ec5"
"968933","3178206724","00000000000000000000bec8a124cc67dd2530fee68c391172f3d348692573b8","1790568271","17021ec5"
"968932","4038964468","00000000000000000000162b9be0c0d09dff53b3cf532241f85505ad3295d272","1790568249","17021ec5"
"968931","41270624","00000000000000000001d12bd6d32b7d5fec29765226374f62e0dd1a02abdb39","1790568102","17021ec5"
"968930","1392524855","0000000000000000000031cac645f168a5a3388124b4deae08a1f886fd8757fa","1790568328","17021ec5"
"968929","2913327577","00000000000000000001dfc880fde78930d3a363cc572fc408ca1ada431b31f0","1790567844","17021ec5"
"968928","2389909527","00000000000000000000c7484994eb569d612e22a4cebd031b107c1ce01b04d1","1790567366","17021ec5"
"968927","2351241502","00000000000000000002018d44bc7de6320c0214e2af0281f6bbefd1d468f3ec","1790566604","17021ec5"
"968926","526021696","000000000000000000017ccf86afdebe48270d9025f568cb97efcb3886fd9525","1790566061","17021ec5"
"968925","2745690613","000000000000000000013553e5f30a49df4115879666edf20708d7a87c067157","1790564903","17021ec5"
"968924","2855306631","0000000000000000000065f01696c2c14f4ebc2c4dbe9b670c3e3920bc8cbf79","1790564460","17021ec5"
"968923","1612358615","000000000000000000007c079a786a9d7c214407ec7a91cfad59e0c2e08fff5b","1790563710","17021ec5"
"968922","426381363","00000000000000000000fb758b580d65f40f1ec95a307437792a2539670a0320","1790563340","17021ec5"
"968921","273520301","0000000000000000000155c63f68a53ff89e67219bd023e81d789c8370838933","1790562293","17021ec5"
"968920","663446910","0000000000000000000176553a8f6bf24f1937ad7451e7cfe33208360227e271","1790560722","17021ec5"
"968919","3339391824","00000000000000000001db6aca70ede91b51b6d351eceff6d1517199bea85b36","1790560080","17021ec5"
"968918","4025138235","000000000000000000004e1ca99eebfa2c4741e49a3204e6c3b0d82851133145","1790560273","17021ec5"
"968917","2189210991","00000000000000000000d9d7f86a478bf3a6d26565efe7aa3845b1e2354a9989","1790559793","17021ec5"
"968916","1081993282","0000000000000000000163c19979c60acb087ea0e86254ee063ff6c8eed57ba5","1790559745","17021ec5"
"968915","274519403","0000000000000000000038ae88fdbad72b434847db749d982a586f97b64e0af1","1790559140","17021ec5"
"968914","3834997471","00000000000000000000bb455e8b10f6e22368c2ece197e3d432063964adaa99","1790558520","17021ec5"
"968913","2211645281","0000000000000000000020c010c4fbf57615dacaceac0da5941ded710f9bcbb0","1790558218","17021ec5"
"968912","476889239","000000000000000000007cb79c7dd5f2f29e63f95c1b02a757334daaab1dbb1f","1790557705","17021ec5"
"968911","2751751566","00000000000000000000db72d50769cdd32d4625d5deabf45dd3ce0ce2d9804f","1790557416","17021ec5"
"968910","2965193057","0000000000000000000138724355ed8b6bc3e53e6fea4b3555c7fa7c32e8bd3d","1790556619","17021ec5"
"968909","2228259132","000000000000000000016afd8a021080ff38e1d53dd2cb08495cb4239c301378","1790556502","17021ec5"
"968908","2360058568","000000000000000000009f82e9f0d45196244fd549b94ee4714718eec42ed145","1790555736","17021ec5"
"968907","2153959841","0000000000000000000093d6bc38539f8411797025ba8b9e025b667e3dafc3a7","1790555334","17021ec5"
"968906","2105131532","00000000000000000001e2de47dccb62e6105f942b070cf668f275ff9fd94226","1790554209","17021ec5"
"968905","3349229563","000000000000000000003db16418937c477efa01194036922e668949636a262a","1790553969","17021ec5"
"968904","2644602448","0000000000000000000200c9a847af8b8fb013ded73ffeca8ac45908238a6df2","1790553486","17021ec5"
"968903","3321856323","000000000000000000019ce8e1e0f05e3d2b480926e0ff9db007ba651f145e7c","1790552672","17021ec5"
"968902","2972509767","00000000000000000000e4c6cd8f8818762f94e306cbe03c2843932bad792f88","1790551481","17021ec5"
"968901","796035688","000000000000000000011a07581cba6ddfc1b89040720fdc0f08cbafd4ac78c8","1790551235","17021ec5"
"968900","2884518212","000000000000000000011befd4f3a7c3a9220c679bd28213dbdacb711ef8b302","1790548938","17021ec5"
"968899","2920169953","00000000000000000001d724ec5a34b674a7867abae6bdef12c4404a2141f071","1790547703","17021ec5"
"968898","2501237957","000000000000000000010ad73ca2d5512fc1b8a01275e60debf394098f839337","1790546129","17021ec5"
"968897","3790406798","000000000000000000013147bc5ef1518dff4651d404bd173fe9cd431ccf4e7c","1790545611","17021ec5"
"968896","1741342910","00000000000000000000bda38b889b970446223fb8e7a89a158b60b80cdba20e","1790544667","17021ec5"
"968895","2088169752","0000000000000000000216902704d7e6e7650ad0105418909e96d052998982ff","1790544401","17021ec5"
"968894","1829953828","00000000000000000000f0c1b9f907b3090dd46a5f0ab453bd341cc13934ad56","1790543483","17021ec5"
"968893","3578232524","00000000000000000000695c46f424cfad23af4d13de05e666861c6509c221ff","1790542994","17021ec5"
"968892","162851621","000000000000000000006d6e6fc4bf36996169c911586b0b9bacce9a52a221a7","1790542983","17021ec5"
"968891","1275131013","0000000000000000000197c817bb085c4623f199b866031e153e978396952b2c","1790543029","17021ec5"
"968890","1900601109","000000000000000000010b693af2d9e890d5d01c10669a3de446b3dae36ffa27","1790542726","17021ec5"
"968889","1127947672","00000000000000000000865849a62cc8e5b14bbe914b52513603ad4b5cbbb0e4","1790541901","17021ec5"
"968888","1684527238","0000000000000000000095a00c17617cbeec96b52f5496a66553e7480af02744","1790541212","17021ec5"
"968887","1455647341","0000000000000000000003f958ba2e20ced3e4b6708b4984a315e2adeb3e3c31","1790541144","17021ec5"
"968886","3126259601","00000000000000000001b5d283973aaf9df5249a1a9eb2163843aa6cf1122249","1790541169","17021ec5"
"968885","596133929","000000000000000000009725c99671c6d5811ca74707fd1c756276f896275070","1790540326","17021ec5"
"968884","275135578","00000000000000000001ecd58f10432745f046d64bf7f9ed663427cd879d4dd5","1790539661","17021ec5"
"968883","830842146","0000000000000000000118265b54243020c1580abbc23c1f47b97634d9da615a","1790538809","17021ec5"
"968882","3993428502","00000000000000000001bc99cb6adfa63497d868af1d9c5a49ec2a02e7e4558a","1790537818","17021ec5"
"968881","3504288701","000000000000000000012617fe39df29079c1e438223c6a4217bbdfc4a55e95d","1790537434","17021ec5"
"968880","3076273307","00000000000000000001e18201d11a70771f652ed97908e096eb31743481c637","1790537094","17021ec5"
"968879","2510076231","000000000000000000004c965187add839b8dcf0fca33f48bf6360c9d1c21c9d","1790536620","17021ec5"
"968878","754801717","0000000000000000000130141e75d7a452654a74f7c9c2cbcff7b08f96a81ad2","1790536205","17021ec5"
"968877","377664641","0000000000000000000067957620c584eaab978610b24111f35d2e81975dbea6","1790536041","17021ec5"
"968876","3679883044","000000000000000000019cdb1d0de9708e2d8b4e46aaecdf21ecff5bb4a0f531","1790535665","17021ec5"
"968875","910125094","00000000000000000001c5c3eb40b37b3a818176c37b250df8d1cb3fcfe6f491","1790535275","17021ec5"
"968874","896029985","000000000000000000014c7350e00833f3cccc5e1b2bfa18b46c803a1d403b0e","1790535000","17021ec5"
"968873","2840692848","000000000000000000002dbc5781d7af05b30f7a34f4452432a5dccd8257bd3f","1790534680","17021ec5"
"968872","2492636420","0000000000000000000023d6dfa2af916b022c7bb7cd26c6388ffb429bd1fda7","1790534136","17021ec5"
"968871","3587991313","00000000000000000001dba1d99ad336c1c9e9a254f80fdfa0559cdd35d96c28","1790534021","17021ec5"
"968870","3912309374","0000000000000000000170b6504a1cdc40c8f2e7f281444127d491528722247b","1790533783","17021ec5"
"968869","1786774946","000000000000000000004d25a7ef4d7565aae7aff2f0424db565b49723c3ab80","1790533293","17021ec5"
"968868","3122261302","0000000000000000000216f21646186f0505268938018338967990977796e7fe","1790532890","17021ec5"
"968867","2652460891","000000000000000000008c0d9cb1f19ccd9e77a2e41806f5d6614d0082ca0bc6","1790531413","17021ec5"
"968866","2427016427","00000000000000000000b982d89283d6675417e9d5c9cf45957be2195810b71c","1790531400","17021ec5"
"968865","3662350769","00000000000000000000c3d8cd1f64253afe78b2464683407470287f03898611","1790530426","17021ec5"
"968864","2492175955","000000000000000000003af9ca87205d8daa3bee548bfe4b779865f9a56578a7","1790530286","17021ec5"
"968863","943418765","000000000000000000005cf76485d0748e1afe66f899da58345e91eb649f7712","1790529760","17021ec5"
"968862","2306690918","00000000000000000000bb55765bd629eb06dfa1c115468b1898b35db08b3bd8","1790529680","17021ec5"
"968861","2830508309","00000000000000000001c3ceaea415a9ebdde6b2a319ce232e4260b171b62874","1790529098","17021ec5"
"968860","3219410337","000000000000000000015116a2e16ce2b15021a9f6f9da9c57e5fa90ae6f0f36","1790527886","17021ec5"
"968859","2712301405","00000000000000000000b6bf46f676ec3845df710cdcb32ee58b2f9855957d4d","1790527836","17021ec5"
"968858","2572838313","0000000000000000000174b99d1cbc0d750dd22392f8b648f53e52ea94ed44e4","1790527470","17021ec5"
"968857","1157308105","0000000000000000000114c44ccddc8ce5289c3469d42ae89380c507d5942642","1790524936","17021ec5"
"968856","873615815","00000000000000000000cb72347de92f9942e0103772cc91809a51eb88ad9c2d","1790523924","17021ec5"
"968855","524272496","00000000000000000000a30373332dc3c0696c27ec929d98cc38310af2aefb43","1790523623","17021ec5"
"968854","2267288302","00000000000000000000247d72df048d3f8c5822ecb97ae049a9c6b2ea181ffb","1790522947","17021ec5"
"968853","2664759109","00000000000000000000b4abe1acffd45fbdd122efc6a9d43af7d5dbdec60bb0","1790522376","17021ec5"
"968852","1649510736","00000000000000000001c97ad519e78b9140470d0ccd4250d5b956fba6447292","1790522074","17021ec5"
"968851","1638034477","0000000000000000000024c2028b437e28d89e74ac651cc762a9e30a2ba8703a","1790522003","17021ec5"
"968850","1079328946","000000000000000000017dd747d7d7119d6e144d487d91ce5263741e1c0cf7a2","1790519447","17021ec5"
"968849","281781024","000000000000000000010102c837195d033441886192991ac6305b9542c7c7dd","1790519193","17021ec5"
"968848","3483101462","0000000000000000000023479380bb225d0ef71f50f8660d099bbc3877b79d7d","1790518514","17021ec5"
"968847","262241837","00000000000000000000918699762baed465212225bbe9e114fbe2e277b90e8a","1790518410","17021ec5"
"968846","3381188090","00000000000000000001101e6110021c15bbb745370e8f4db07559917dfa450a","1790517629","17021ec5"
"968845","1391917108","00000000000000000001771569815255b53886e2e0f5a33da5fec8b9ae2a6fbf","1790516650","17021ec5"
"968844","1726384931","000000000000000000006d01971f3386d0a4c691062a5f4908fee0f2fc14f1aa","1790516426","17021ec5"
"968843","3336960800","0000000000000000000012ef40f1e5961581ba2401024a91ad2112d3ae85d221","1790514669","17021ec5"
"968842","76502680","0000000000000000000067743515828c2beb661851c26fc64369cad7061b5375","1790513781","17021ec5"
"968841","3466141509","000000000000000000019a8db5b23451844768ddd03eb8f246da025c87c2a7a0","1790512248","17021ec5"
"968840","1038451066","000000000000000000019b1eec61f35a8da876de173e61f8a32109986182c033","1790511384","17021ec5"
"968839","4210943823","00000000000000000000c15ab4ee0c5f17c2f21d21a20990737b811aacb350b1","1790511215","17021ec5"
"968838","2473608277","000000000000000000014bc40d499686321b4848dbbd77bafc9cd216c3d33df4","1790511110","17021ec5"
"968837","3844906527","000000000000000000019b563152c5e33035fb46f206db3a9ffc7c9dc6db6ba2","1790509503","17021ec5"
"968836","3500054448","00000000000000000000a86ee170b3eccf542a24b463d5da613b1a959df6172b","1790508853","17021ec5"
"968835","2898767965","0000000000000000000195c71ee5bd54b650315701ece8fa8169e775ceb3132c","1790508010","17021ec5"
"968834","1750719134","00000000000000000000cae547ec8b5ac12351f314c265a7968c9ece4aa0103a","1790507874","17021ec5"
"968833","3755349277","00000000000000000000b8eb0f6ceb8e7894c5f4c276ad395edd0141ef72fb5d","1790507684","17021ec5"
"968832","239583290","00000000000000000001baba3811fcbd08981985e9222255f1da19c467f4074d","1790507456","17021ec5"
"968831","3824048731","000000000000000000012224873802835dea3f106834eb5a7fbd608bdffbe62c","1790507238","17021ec5"
"968830","1026311991","00000000000000000000100f5f53ff9e16bd03a2d45d40b3ebb45bf7cf9e04b5","1790507000","17021ec5"
"968829","2597137512","000000000000000000001ec07bc7752154e10a6ff53e27e819b59e39bae120f9","1790506631","17021ec5"
"968828","1899816296","000000000000000000017d761306f1457846e4bf6f7d2378e4e56eb97d3b298d","1790505274","17021ec5"
"968827","4090384884","0000000000000000000094f46c5a97a42e27c577b9ec57baa44adaf5fa5bc788","1790504153","17021ec5"
"968826","1077926289","000000000000000000003a8483f69fc21f3712a899d1af6269254816e0b4b630","1790503854","17021ec5"
"968825","2529962171","0000000000000000000119edaab24ed423fa31f672c9b3d5b51c38058ccf51dd","1790503487","17021ec5"
"968824","136121607","000000000000000000009dc2129e2bf089104a490fecf38a27b1f89b80cb3f25","1790503211","17021ec5"
"968823","1397999963","000000000000000000017ab807def9c15e6e87433d77e0a1fdf0a5850051c90e","1790502707","17021ec5"
"968822","62736211","00000000000000000000b0d4a2b44a916c6855a4fd3eff6719f39b789de581a3","1790502616","17021ec5"
"968821","3140851738","000000000000000000011ad2615e78365ffbe32da7e2248c010e2ec1a7dbe791","1790500534","17021ec5"
"968820","2187967556","000000000000000000017f8f27f1be4e614e4cd81e6ea7f5b7bd90ef1c05decf","1790500282","17021ec5"
"968819","3358883480","000000000000000000002cbdefe503d7a0a2437d4d27feb4f008322cef8ac6e1","1790500208","17021ec5"
"968818","285362445","00000000000000000000b828752c19144b685577d710789ee14417cd048f5403","1790499758","17021ec5"
"968817","584718856","00000000000000000001e99900e2510c2c5585bcbba03a3ec1996604d99dda82","1790499749","17021ec5"
"968816","2436011295","0000000000000000000185721a95706fbbdab9996dddeffe49bde2f8c041e01f","1790499538","17021ec5"
"968815","3692321849","00000000000000000000a63097ed2bfb2aa769e45ff936a1da792845108df8da","1790499197","17021ec5"
"968814","2313054108","000000000000000000003e3117d936bbb08faa8335a9a84d9eac257b09373cf8","1790499133","17021ec5"
"968813","1629853681","000000000000000000018cc49aafad8f80853fb842c625329103b2b453ea5e0b","1790498859","17021ec5"
"968812","694422578","000000000000000000020645026af6803e6074989a41665613f54f098a21a765","1790498691","17021ec5"
"968811","551270139","000000000000000000017ad07d1199a9c96939fca788f5976cdc321a8fe17270","1790498633","17021ec5"
"968810","3226868682","00000000000000000001ec8f8cd4da23bcc6e51bab04b8ac67a8cda58e8a7dd4","1790498104","17021ec5"
"968809","1725607717","00000000000000000000cc833a29355acf0ba4f9f0f831af95896e4d11d55741","1790497867","17021ec5"
"968808","4218284865","00000000000000000000a5e6d64672b871d3a87bbdcdd5f0ff91b9bf8a5bd23f","1790497755","17021ec5"
"968807","2619981556","000000000000000000000c390f557acf99de8d04818a7d975d6d196d7d0ad98d","1790497293","17021ec5"
"968806","2988105068","00000000000000000000999268e801c0f5e503495d2e68df3ba9857db8ac52da","1790496896","17021ec5"
"968805","3095093573","0000000000000000000136d604da66633ea86c839db858cf6cd50ba0a31f8caa","1790496237","17021ec5"
"968804","1849342240","00000000000000000000c8db47cf7aab2072b8ee77a47f6ac055abd3e38d030b","1790496023","17021ec5"
"968803","3836858416","000000000000000000011d8fa4ac9cdf6eeec408b6ebc8705551f750087083cb","1790495437","17021ec5"
"968802","3797763440","000000000000000000012061531feeb5d45b13ff91c90fefadd62ed1bb424321","1790495367","17021ec5"
"968801","1352550357","00000000000000000000392a18a49b4ef85bab7e45cba34b8dc8fd374b350632","1790494761","17021ec5"
"968800","427878255","000000000000000000020e4056fed6f43d08aa0b4bffb45564cb0f13eaf8f17b","1790493635","17021ec5"
"968799","771292355","00000000000000000001557c165787dbd98dbb07e9b3d9aaf85de44a80f5a11e","1790491808","17021ec5"
"968798","3803607298","00000000000000000001bc11c66fc64359fac6ffcf6e94a25f276bfc8b530adb","1790490672","17021ec5"
"968797","2523264011","0000000000000000000188386602b90f7a653ade1fb070126ed7c4b8481bc44a","1790490501","17021ec5"
"968796","4234435982","00000000000000000001c22ad00ca3d9d1d412cc2e39bb54cb00a5251ed2d6fd","1790490401","17021ec5"
"968795","707417092","0000000000000000000007c21205c46d1e1e6acbcc3e91eda7a96d0047eb8db9","1790490130","17021ec5"
"968794","2649680583","0000000000000000000147e8a74b5fd0cae07bddd5764d752eb95ac808223e52","1790489783","17021ec5"
"968793","710767638","00000000000000000000f9274ecf61d8e07063bc5ed3cb180f229a9a74c19321","1790489655","17021ec5"
"968792","858897342","00000000000000000000b39dc684dab179d2ca508d8ea9c32eb4d89635fb4d8b","1790489316","17021ec5"
"968791","2414747979","00000000000000000000463d68fd385f377014219bcacd7ba4062772f0e8c63a","1790489301","17021ec5"
"968790","3458783147","00000000000000000001f4875e07773f205529d651ea5542f53602f9fe97b71b","1790489240","17021ec5"
"968789","3782981182","00000000000000000001d252d33da87589a8ff2cbe0bc33c9349149be53a8320","1790489066","17021ec5"
"968788","3642380800","00000000000000000000d8c6754b94760c16bd48cb4b9f8e55e5755a2647a31f","1790488765","17021ec5"
"968787","144582046","00000000000000000001422dcf89e75c1ae126e648b91cab51dc1fbc77a21cab","1790488610","17021ec5"
"968786","1522270324","000000000000000000006cace6bed578b6ca8736c8c0aa3b219ae907e33b9edb","1790488249","17021ec5"
"968785","212976372","0000000000000000000186b33016d5e4aa3c05c1b56fc5da521cf4a581df661d","1790487419","17021ec5"
"968784","3825907408","000000000000000000005579dd2ed93e32dd7cb9d8c8d593c19f8b0db68c0705","1790487313","17021ec5"
"968783","2047697527","00000000000000000001f2765faa06e70b23cab29a6b30b3199bd261c0b98e80","1790486867","17021ec5"
"968782","2954943007","00000000000000000001c6e3d00b40c68ee3f43dd0568255c5de5dd97bec88b4","1790485273","17021ec5"
"968781","1286727279","00000000000000000001d04ba78ce6ce85c34e15f3293b7ac4077a5371cb6c89","1790483008","17021ec5"
"968780","3285970983","0000000000000000000129edc6a1fe0a88d1209596f725b10b9b23e6e347d3e2","1790482780","17021ec5"
"968779","3013175522","00000000000000000000b93eed01fccc50b54daf1c2cc47f9e63f53274625619","1790482512","17021ec5"
"968778","422727841","000000000000000000011f122149f97e21de82bf246c043c08e1abc83e16a0a1","1790480119","17021ec5"
"968777","3268964649","000000000000000000011e1e65be60ea4175ed68c2c8ff714cf32ffcc3789541","1790479228","17021ec5"
"968776","902725587","00000000000000000001c7f670a394c02d9744812371033ee0aaccad81680c3b","1790479080","17021ec5"
"968775","1884246358","0000000000000000000052be4df9477484ee6c845eb962eefa32912bbeb0f6bb","1790478757","17021ec5"
"968774","313746300","0000000000000000000199d12ae231d8517514864307f3c295def8a8c9f005b9","1790478584","17021ec5"
"968773","2664475038","0000000000000000000002e48c0a7659a430c38fe079ebb47a2ffbc344188a9e","1790477606","17021ec5"
"968772","2922080971","000000000000000000021d0d76ad14206dc4cc2202e0b0547e55b77b938f9997","1790477576","17021ec5"
"968771","800003357","0000000000000000000175137ddb573682981c73c3bee6c1b701b6e402c06d18","1790477233","17021ec5"
"968770","2866632887","000000000000000000009a81b6c533aab381bfcd9049f27a74b8603ac2280df4","1790475953","17021ec5"
"968769","1902593565","000000000000000000016ddd54953ca95e73d54124fbb2cec874f94b48411788","1790474304","17021ec5"
"968768","4206022052","00000000000000000001e80f1ec116263ea7ca921317e96bc733f28a9f17cdef","1790473177","17021ec5"
"968767","3831964319","00000000000000000001e58f6e3e6e71f2f08b4aa176cf2f12e70074c8850b11","1790473071","17021ec5"
"968766","1681872721","00000000000000000002177ce7cf0c0c10cb5749b71d6267c359b18be3e53989","1790472052","17021ec5"
"968765","438936966","00000000000000000000b714ab3fd8aa9f76468a6adcfa693c785c9463b025bb","1790469858","17021ec5"
"968764","852574431","0000000000000000000184fdd490c1c7da5234f2e487e16d26f1ca7877d1732d","1790469847","17021ec5"
"968763","1135705857","0000000000000000000189ed83681aa3bb7df28639cf292c0a126d4a73fe83f5","1790469464","17021ec5"
"968762","347152900","00000000000000000001a50df6ecdef2dc7ef103362e6893c4a8242b6b4d0655","1790469366","17021ec5"
"968761","419282109","00000000000000000001dc4d13d95883397738d59aca7cfab6d308153d459ef9","1790469214","17021ec5"
"968760","831466172","000000000000000000000d2dc186e0e54c7e88daaf51405f387159d4db3dfa4e","1790468616","17021ec5"
"968759","131731322","00000000000000000001c86ef069276460f1acbdb5a69f014176098d325019cb","1790468370","17021ec5"
"968758","956372631","00000000000000000001def26ae79327ce5dd76edd82d277bf3a747df1d3e8b0","1790466284","17021ec5"
"968757","1683533642","000000000000000000019cb5692829fa76d5708d8d5260c058447fd3dbf43920","1790466249","17021ec5"
"968756","1757300636","00000000000000000000cc3454148dd4af5d3ac25f346443b988bb797c271846","1790466220","17021ec5"
"968755","1224314372","00000000000000000001d696479be67246fea061479465b0ef04bdcc513d64ae","1790466148","17021ec5"
"968754","1334740557","00000000000000000001454a77bda2a0c45f790eb9efa7ed27459dad18d52e8b","1790465782","17021ec5"
"968753","371007657","00000000000000000001aa5cf8174c650ecbff8bf33348c614db44554ba118bd","1790465740","17021ec5"
"968752","1862146239","00000000000000000001d30b15a85b9d1a5273726b21a0d31a8dfdd23ba86262","1790465226","17021ec5"
"968751","668150950","00000000000000000000ccd4e4e6f0e39b219b1ddabcf065bfa7808303128376","1790464783","17021ec5"
"968750","3611372896","00000000000000000001faa7eef315c0b82a8b59afa0c2c6510b1f776d275083","1790463565","17021ec5"
"968749","2069852794","000000000000000000002c0adc153cf64bac8440660dfa8104329cb7fbf09751","1790462766","17021ec5"
"968748","4163595105","00000000000000000000b2a3eea2368790e23bd29a76e0ea108f1312f02c5ea0","1790461073","17021ec5"
"968747","258214560","000000000000000000002a4e335b545f5d0cbc159a20e2d3b254dd5467a03ad3","1790460190","17021ec5"
"968746","1140594715","000000000000000000013a5ac8fd33b9135ff4f39e3ae96f82033737587ce53d","1790458481","17021ec5"
"968745","3356028318","0000000000000000000092e9383d071e2e7760bcfa71f80d2e14af2805df77b7","1790458162","17021ec5"
"968744","4088495742","0000000000000000000070d699813720755c550e8c73021995a21962d8c2b1cd","1790457973","17021ec5"
"968743","3150371631","00000000000000000000d571ec430053f13c3f3efce9a79128f72a8a8643958f","1790457224","17021ec5"
"968742","1009865984","00000000000000000001a88179e7d92e0b5c2a0a9b845d29367c1378f810d713","1790455791","17021ec5"
"968741","3530597998","000000000000000000002de21bc858c0fe7a3163b927a7dabc824142da783234","1790454032","17021ec5"
"968740","3422387961","000000000000000000001dcb2eb9ee2479851be7547742abe90fb0a5c3b466f0","1790453691","17021ec5"
"968739","2112439128","0000000000000000000111250201cab1e4298ecee5b521b970e261d1bfc38726","1790453274","17021ec5"
"968738","2565550328","00000000000000000001dd14225c08005d8b44d9a16a2c8ce91695e005bf0c13","1790453145","17021ec5"
"968737","1688726800","000000000000000000019627c1150da29f1a60b231e4a7edc672d78b3ed2dedc","1790452418","17021ec5"
"968736","587783395","00000000000000000001f0d91d2701d9557ed852bbc2e55c41f73d3987f22c2d","1790451649","17021ec5"
"968735","4257142372","000000000000000000009d3f05768c7d40c239693f2b6f9e11bd5409f8004ffc","1790451507","17021ec5"
"968734","2435378581","00000000000000000001df472ae0b846a6cb4e164e1c524fb92f20f79bb91b86","1790451460","17021ec5"
"968733","493121673","00000000000000000001d44b5a48f4c647565f3bfe8d5c98e0baa35539f02c93","1790450582","17021ec5"
"968732","1288079729","00000000000000000001e0d89b414c0d2158aaca4da9c5b0474d20cf27e63f42","1790450109","17021ec5"
"968731","1575749019","00000000000000000000c35e0ec344c03d72364ad055462d9f78c156661b9f34","1790448728","17021ec5"
"968730","2076935061","000000000000000000007e057ec11e534c16c59214162794297da04d456685e5","1790448615","17021ec5"
"968729","1467476350","00000000000000000001a64a0a6120cf656a09407e38bf118bfc02c87a4d5512","1790448605","17021ec5"
"968728","4006571328","000000000000000000018f3b21e9d9a1a973e16c5f65482448355f4874c9a40f","1790447699","17021ec5"
"968727","3165876051","00000000000000000001bb6422d53d4393da31581ece413dba6b2423ea6b2e1b","1790447486","17021ec5"
"968726","3532684852","0000000000000000000101452ba6156b2c38a281157a0303706e4bdf4c1aa5ca","1790446498","17021ec5"
"968725","604262876","00000000000000000001406944594baad51d50d91d7e487bf450fd25a66fcd2b","1790446467","17021ec5"
"968724","3172123715","000000000000000000009c8b63d114e5f03b80857d17251ed0c0cdefc4447b9d","1790444650","17021ec5"
"968723","2592420060","00000000000000000001e3f409a717157593424144a26bc6a474134824e80dbe","1790444546","17021ec5"
"968722","3572372024","0000000000000000000151e0963b995719d6965ab081d074bee502aada3da4e5","1790444450","17021ec5"
"968721","3692716231","00000000000000000000ed8d95f43f038858adab98f852a40b461624b6825d20","1790443417","17021ec5"
"968720","2365425491","00000000000000000000ad11c86358305f040b14cd9a34a9dcb602e6ef97ec2f","1790442808","17021ec5"
"968719","1833117255","00000000000000000000e85a584cc08b394d632207ec66dc92db97ebf7d32896","1790442737","17021ec5"
"968718","3875365602","00000000000000000000bb6ea3154f68b6586ba63f785ca4146a8d7c3b93f1a5","1790442471","17021ec5"
"968717","3745943083","00000000000000000001fe0c7fc67c107c26256896cece72f0c45cc2ebcbbc08","1790442463","17021ec5"
"968716","3459660408","00000000000000000002031ca1e043868768a0d9ea3acc18ae22008e8dfb98ad","1790442186","17021ec5"
"968715","2837273755","000000000000000000016d9706584496776845bbe41195d561c5aa8254f3488a","1790441950","17021ec5"
"968714","2193572616","00000000000000000001d0dc68765c84c0b6ea5cf68ed0eb4bba815571086f38","1790441715","17021ec5"
"968713","3294780393","000000000000000000006b3c9194a49e8e1b767aca18ad799e51561cdb70afda","1790441537","17021ec5"
"968712","3451042340","0000000000000000000160f18d80f3ddfca690d392861ebda32b2d9fe9e48f11","1790441348","17021ec5"
"968711","584280700","0000000000000000000151f5d44b2d93f7f4672255435a4a3406d6244616e35c","1790441218","17021ec5"
"968710","831663123","000000000000000000018627ac407566db85070d31336ed1e4f73ed2e15a5bc3","1790440653","17021ec5"
"968709","493702150","00000000000000000001f30493183bd9fd8c41f571338b1044a2aacb7a8e6c3c","1790438927","17021ec5"
"968708","1681359698","000000000000000000015c211b9bc6304ebdcb8baf28bf8fb10a10bc21f55a48","1790437493","17021ec5"
"968707","459644229","0000000000000000000024c4de6a5d8a3d22520849ea05981ad9a7ea8af74557","1790437466","17021ec5"
"968706","3155892246","000000000000000000013eabe1a4ee7f7571cae27404ef2d4433a3aee50db399","1790437608","17021ec5"
"968705","1966948446","00000000000000000000f4f36301008bdf7d9580269df68c4495afc81211f115","1790437353","17021ec5"
"968704","77247842","00000000000000000001632ec4039055ca2622fecee1d3af6fb5c257ff554b8d","1790435901","17021ec5"
"968703","1634747824","00000000000000000001df448b1c72837906a1a733caf2434abcf8a6f23e97a9","1790435315","17021ec5"
"968702","91004538","00000000000000000001e3d5d049670bb5aa71e9b4f81dcb58d654bee3546537","1790434630","17021ec5"
"968701","1795925701","0000000000000000000182af087e162d0e0223a90f33c9741c4059d289ce1566","1790434604","17021ec5"
"968700","263086246","000000000000000000009306e7e7ec30967c15409113580d03737ace0775707b","1790432915","17021ec5"
"968699","561545658","000000000000000000001334aa0f3cfde2227004471dac129019a1b456c15c5b","1790432797","17021ec5"
"968698","1876081791","000000000000000000015d0478e7b60044314fb055fbb306ac7371ef89b60496","1790432291","17021ec5"
"968697","3508822538","0000000000000000000009881429305a6c94292b834eccd3ca58436818438317","1790431934","17021ec5"
"968696","4226125544","0000000000000000000139613658897025de507a4e60c695bc794c147b95d0ee","1790431551","17021ec5"
"968695","10667582","00000000000000000001773efa949320362789a72283599750a1753e9550168e","1790431365","17021ec5"
"968694","3913461523","000000000000000000009de57f863ee8f3155923e36262ba6374ccafe22de26a","1790431245","17021ec5"
"968693","556158371","0000000000000000000135b5e37e00ffb8460661a2de054e0f7a403a0d84fff3","1790431048","17021ec5"
"968692","3520555290","00000000000000000000dc1c206092247f27ad47a6ebe4295d77329299421c36","1790430644","17021ec5"
"968691","3319788168","00000000000000000001dc1207c3c282d865927964639b18e8f39f641f2c1e81","1790430549","17021ec5"
"968690","2879817023","00000000000000000001fa0587c944d3ea24777bd343a09c0f47802267e86536","1790430249","17021ec5"
"968689","930061656","00000000000000000000b695f1743c08a5405c6c464f7baa03c0efa0971519dd","1790429810","17021ec5"
"968688","474686031","000000000000000000017ef8cdd979ec477df56ac3019de44f665be4e7988a53","1790429541","17021ec5"
"968687","4146626759","00000000000000000000f2d5636f04de96e04e130c0c68ab44fbd81844dd8731","1790429252","17021ec5"
"968686","2397146118","000000000000000000021acbff48b14313cdcc1fda3107bd52446d0540a669d2","1790428773","17021ec5"
"968685","1836853338","00000000000000000000506138b31db63267fe8e05eca721c92be4e6214b9681","1790428679","17021ec5"
"968684","2565613007","00000000000000000000445c5d3a515a9592662068b1c76d869a3c86b112ffa2","1790428537","17021ec5"
"968683","1733344344","00000000000000000002119faaebb851440b5d7eb952cb94f1e8f9d9c174d830","1790428342","17021ec5"
"968682","1816467487","000000000000000000004078a7254cba1fd12e30652853bb9fab40450a94163b","1790427962","17021ec5"
"968681","746297238","00000000000000000001ba16db7a55f4420f99ae9f4639b7ab1a5b1ada7894ab","1790427368","17021ec5"
"968680","1392006509","0000000000000000000171f7a2615bfbd92f78cd9c1bd753c264de923db14148","1790425968","17021ec5"
"968679","3424580146","000000000000000000016aad43c0da40e41adab8e956a417255be27b1f11223f","1790424459","17021ec5"
"968678","1676550128","0000000000000000000177a72f08ae5f8152522b2b710f92823f866fe2bb9460","1790423947","17021ec5"
"968677","1733801595","00000000000000000000db28703bb1e6c567aa6f1d654cb93b878bdc47d04f57","1790422718","17021ec5"
"968676","3507344238","000000000000000000014707e972967311bf06b29dd0de960b71cdd7c04741bf","1790422119","17021ec5"
"968675","3270691897","00000000000000000001bb8a1a003b1ec0e89beb40e145d13991e7bc88d88f10","1790420677","17021ec5"
"968674","2452328325","00000000000000000001b50d0ff3c2100738520d0e88571a345ccae06bd46c10","1790419186","17021ec5"
"968673","914318180","000000000000000000005754fbf79d636ce09c71cdef6f6fc066bbb51de2afac","1790418821","17021ec5"
"968672","720114587","00000000000000000001d5fc0df8b3bac83c41ce56b9ede598e54327bb8f4147","1790418766","17021ec5"
"968671","2695358876","000000000000000000016e617156f3d01a3e57e88cf496914a682210d2f60db5","1790417881","17021ec5"
"968670","2225419733","00000000000000000000de35a85ba757557f04ab919b953741814619a771f966","1790417677","17021ec5"
"968669","1135805039","000000000000000000006907fa20b6d127f6b03c9ba58d25d030cbf6237b3775","1790416720","17021ec5"
"968668","1335522233","0000000000000000000188e7a3e1e9a25e7b7786555a2c367092b2274efc6098","1790416238","17021ec5"
"968667","3785406572","0000000000000000000067063c1fa27765127f87ddd10ce4c5d2c85af5404e8d","1790416042","17021ec5"
"968666","3234422587","000000000000000000010fb95a4fa547171edc525077191cbb74dc54acfaf0aa","1790415320","17021ec5"
"968665","3655976086","0000000000000000000093309763df9d0ab5bb5297dabdeedad98809053b5d65","1790414717","17021ec5"
"968664","1781540596","00000000000000000000584c00a01e008573fff2135ddbdd0a3646a81360a55b","1790413186","17021ec5"
"968663","3831382214","000000000000000000008bbd1430a6a0173346b81d4271274d0f849738e03c12","1790412017","17021ec5"
"968662","14075731","00000000000000000000af9997bc89c6864f90f49b484fe90ad3948e2ff17641","1790410492","17021ec5"
"968661","207896618","000000000000000000010207c9137abd9cebfba658fe1fe4a841599aca8ad71c","1790409422","17021ec5"
"968660","3750670982","00000000000000000000c8923473076554e2a6fffdddf60dd042c8703c0620fe","1790408828","17021ec5"
"968659","3041522749","0000000000000000000076c15dc1fa6a79e9a4da4bece314d7049b24d3d9f2c3","1790408015","17021ec5"
"968658","564974037","0000000000000000000012c57fa357291af4b407415e4d4d0bc970ef23a26f5b","1790407881","17021ec5"
"968657","836215189","00000000000000000001b917121afe7e3bce7d383a60db82ddabbc780b95a156","1790407795","17021ec5"
"968656","776753484","00000000000000000000ee32fef11437df8cc7f3638fb4719048cb08ba9e8231","1790407358","17021ec5"
"968655","1085692563","00000000000000000000ff2d6a136070b29b737cf3841ef481ac2b4bbb7cefba","1790406693","17021ec5"
"968654","3109692688","000000000000000000020b5c84db6b9f9fe65fad328c6d7c27a986caa42ff07e","1790406381","17021ec5"
"968653","45892500","00000000000000000000f824241452c3207bf9353010c4f118145194f7259671","1790405809","17021ec5"
"968652","806757465","00000000000000000000d0a933c5763a7a02704236223af53838f71afd5f9c60","1790405717","17021ec5"
"968651","519553763","00000000000000000001f60cda306a35cf5bbee04f42282b31fbc116c788e0fe","1790405293","17021ec5"
"968650","370062870","00000000000000000001854f11c4d247dba6f61a9e9742a225c78ab328220ff0","1790404327","17021ec5"
"968649","2683484055","0000000000000000000213bb6618888e655c8a72a3d2f8919d6e03d2e1fe845c","1790404267","17021ec5"
"968648","1859023146","0000000000000000000131fe25a80311ccb9cd81e5e66ee85c418cc420f73a17","1790402845","17021ec5"
"968647","2736738421","00000000000000000001265c622bbd8b0f7f69087157f9124535cfa4ca6678d9","1790401537","17021ec5"
"968646","2354750459","0000000000000000000027193566b1b97a1b7eccc8a066f249e7ad4b0a3d0b0c","1790400988","17021ec5"
"968645","4091287163","00000000000000000001e68b80e497735fe32d0bc3cb8d4b2c14eb173c6b2580","1790400667","17021ec5"
"968644","2271400059","00000000000000000001938bf3b81195d366861f740345ceddfdbbf6707c1e65","1790400560","17021ec5"
"968643","1275850544","0000000000000000000064a55d5fc6e05309bccf9ab379699d2c7c64d33943ff","1790399103","17021ec5"
"968642","2470508592","00000000000000000001780b3561440017b75d8e57ca549d99280de1854567e9","1790398542","17021ec5"
"968641","2386776894","0000000000000000000154a4d28da60da733df876e6957d31dcef5ffc96a3ce7","1790397959","17021ec5"
"968640","1162704096","00000000000000000001cd96cda7b5acd12d9c37d376d8f2d8c500e0495d6fc0","1790397935","17021ec5"
"968639","2914145455","00000000000000000000700f35157e09b4ce3c396930f2b4c8438e3e33523c46","1790397076","17021ec5"
"968638","2754163377","00000000000000000001cc91ceb814bac4f1e31760dbf39314f6bfbe700be542","1790396877","17021ec5"
"968637","2393071808","0000000000000000000039509c96570c8ba3ba33c174a2d4aeb42d6fd2618d91","1790396651","17021ec5"
"968636","3575128199","000000000000000000020f7777f5b90a9ef274e4e0f3fee2ba75b31f50ede393","1790396046","17021ec5"
"968635","2506747215","00000000000000000000836dfab1879244485960e1ee0a506461ad5a93560ed2","1790395667","17021ec5"
"968634","2001497185","0000000000000000000034ba0b4bd93555a1fcc24ab2c474007c6e4024e47d71","1790395536","17021ec5"
"968633","3649622230","00000000000000000001baea0218f616295c1f0776e1e5d20f7f3d9cb38c2c1d","1790394905","17021ec5"
"968632","3564541242","0000000000000000000034661e81d3295c320558ab60201160715c5c670ffaa3","1790393264","17021ec5"
"968631","3301392754","000000000000000000000edfbc568ae7c2242ea31d3faf81d6939fb448992d31","1790393014","17021ec5"
"968630","2239278963","00000000000000000001f57744b67db316c2c285accaa25d9ebd0543a142278a","1790392340","17021ec5"
"968629","1157263710","000000000000000000018d49b66a256c8b1f181a9b06b49fee45068502e27a0e","1790392164","17021ec5"
"968628","917542225","00000000000000000000d2d1b27dc8889c428987a2d69a236712d06a40e35f68","1790392106","17021ec5"
"968627","834323729","000000000000000000000d3eae9ccc14e112a33cced3095db32cc83264f095b2","1790391526","17021ec5"
"968626","2776089737","0000000000000000000169807c3595d959f697d7091f0487fa992b9ee56f7d65","1790390852","17021ec5"
"968625","2987146047","000000000000000000006d2d78d43a31ab28425e1426597f28d71a90e5db0612","1790390435","17021ec5"
"968624","2314430084","000000000000000000000cc25b12b89d359192315c6d697d30de33a6ab3c4464","1790390055","17021ec5"
"968623","2627926925","0000000000000000000119aeb1a7b85863d7ef786037d9c0b5ebaf695206f06b","1790389926","17021ec5"
"968622","539696757","000000000000000000015e112db819a6e823e2eaa11afa3194c69fb90ed62788","1790389919","17021ec5"
"968621","1460036880","000000000000000000005fbea95754a05cfc9fc7598ad624d77e0773b62dfdc0","1790389088","17021ec5"
"968620","2489242","00000000000000000001b325cb2bddc9b2a2a7012405c3d6cb60f28398be9228","1790387784","17021ec5"
"968619","565890023","000000000000000000018d384904d471097eaf3957a84cc5793dd6def8042d3c","1790386913","17021ec5"
"968618","2255427396","00000000000000000000e8d65bd992ee937a1481c523c39ffbdda52416fd2046","1790386873","17021ec5"
"968617","1136177246","00000000000000000000b5437bdbf53b68c1d57a2893b38d5ae73ac77d4f981a","1790386482","17021ec5"
"968616","284285865","0000000000000000000060c0383d5d0991ea1301f9bf6344d85b77c6f991545d","1790386484","17021ec5"
"968615","1187658603","00000000000000000000ef3a764e0b9f64eaa5e62260da23b076ce762410d720","1790385665","17021ec5"
"968614","695899482","000000000000000000016dc32182efa11bc3745f209a604b7bc6f417cf1d9afa","1790385647","17021ec5"
"968613","2486828280","0000000000000000000153339e7bc48ec4e7930928c0aea393b2451a6485f6e1","1790385678","17021ec5"
"968612","3690743946","0000000000000000000204fa43328d9057384b6ea7e499dfa4e32cf39a253092","1790385470","17021ec5"
"968611","291307883","000000000000000000008c82d6e3a8655e795a4857f2bf1d72cef89c68a030ba","1790384873","17021ec5"
"968610","1196610556","0000000000000000000075dcebb46d61c09c92dc5253eb8121aee1a25e18d5e8","1790383402","17021ec5"
"968609","1666667548","000000000000000000008b248b3a14250f301eaece4490bc59c9d0f32cf7cd74","1790382918","17021ec5"
"968608","75015447","000000000000000000021c337a3b08f32f6699df7b57bb072930514fd9733655","1790382187","17021ec5"
"968607","4060222806","0000000000000000000170d7ca580d5d311912298287d5faab9545a5d22970ef","1790382055","17021ec5"
"968606","3913632142","00000000000000000001c79c0b12a67de4a16ab026929686c25de9ea8acfe2db","1790381714","17021ec5"
"968605","2414762374","00000000000000000000fe829be11d2f3894a2e45f8db0f12ea3b8b69ff41ae7","1790381407","17021ec5"
"968604","932433220","00000000000000000001c47765263efcba63ae2cbe576537f44ef56f7b3934db","1790380150","17021ec5"
"968603","1012508770","00000000000000000000f178fde6c1587bca5d01cdfbd3658819fc046664b2b4","1790379889","17021ec5"
"968602","3244210010","0000000000000000000206860322d9b29efdc0a5ea0a4ff8291d3c4e8a3bbce2","1790379531","17021ec5"
"968601","426920456","00000000000000000001b9d97c11c481c503fd2e91ebd7ba72f14f9c1e9ca8e3","1790379439","17021ec5"
"968600","2144998849","000000000000000000002e7df61ce2c315272bd7c3fec6ad29b0c441a903d1e7","1790379438","17021ec5"
"968599","3138399298","00000000000000000000d5669c3e3c90cbe11a50f33f99d69cd2d79c4cfe4c4e","1790379791","17021ec5"
"968598","3337216659","000000000000000000001f190b972de4cd74de48194e149ed4c3242ff95a2109","1790379172","17021ec5"
"968597","2678951949","0000000000000000000206f490aa38a1ce3c4ae638cd8b875e75408a534142cc","1790379034","17021ec5"
"968596","1088296910","00000000000000000001b2faf0887532edf974bef7a9e47d709068c40627797a","1790378945","17021ec5"
"968595","3638987919","0000000000000000000057466ecc1c93e82ed1b745381eaf0771c23aecd51add","1790378600","17021ec5"
"968594","3511589549","000000000000000000009e223579b4c9f3ae1886615ac30fd22020c46474b55f","1790377922","17021ec5"
"968593","3936296620","00000000000000000000f7973bdb26342859bf8c56b6b778e4c48e7271d31a57","1790377469","17021ec5"
"968592","3098710520","000000000000000000015d936e03441c33eb58fdf696fdc83cd3916c4589aa45","1790377250","17021ec5"
"968591","3999461849","000000000000000000000f7c9c1185149899f6565d07b116fdb204273f206333","1790374929","17021ec5"
"968590","3336962502","00000000000000000000bdbe1462bdd4dacf626658e9d491bc635b94a89cf113","1790373728","17021ec5"
"968589","3346280043","0000000000000000000109f0a049ab71e2c4af5cf8d6ffa4e088cfa97810a2b1","1790370633","17021ec5"
"968588","279812656","000000000000000000000645853be94e21ff82323d1e4e5deacea3966dc62373","1790370293","17021ec5"
"968587","3559308644","000000000000000000021dc96bb861f560f00aacf894ff8635ae70768f9081c2","1790370180","17021ec5"
"968586","4073948938","00000000000000000001173d83809633e74cc7da3b3830595e497cc7f9e374c7","1790369862","17021ec5"
"968585","333087086","00000000000000000001e0386209ef040542ee0e275eb387af49d7965a753fbc","1790368854","17021ec5"
"968584","3903102982","00000000000000000001bf11d663311894bde794d7afdb1e98648d8aa22dc617","1790368064","17021ec5"
"968583","522390902","0000000000000000000044cab3cf92869e0d3f48bd8ea0913b587a88668b04dd","1790367236","17021ec5"
"968582","3420975001","000000000000000000001fd42c1b52b7bb39731ac9ba39dfa32de9a08360bb32","1790366698","17021ec5"
"968581","2247970170","000000000000000000014eae325c224b29550fc9623077e4416244da3bc123dc","1790365476","17021ec5"
"968580","321247272","000000000000000000014dafc0fc7b62873a751d28a8d61e84fbd15ce9970dd0","1790365106","17021ec5"
"968579","3939889348","00000000000000000000d7893e92be61b02e387ca40b665a65c1b1b2596dce74","1790364507","17021ec5"
"968578","1030382682","00000000000000000001f747697b323bd3f51aa1fe77970cd6227f2a96fee313","1790363167","17021ec5"
"968577","122921931","00000000000000000001b69c7b2ca49a40d15799cd876a2c68c01379f60e52e3","1790362450","17021ec5"
"968576","1180193368","0000000000000000000142a63de5577cf631106acda36ee778a07d484be9b585","1790361817","17021ec5"
"968575","1430832404","0000000000000000000071597773bc7af8a79268b1db6d10091c61b2d088b069","1790361428","17021ec5"
"968574","2895163487","00000000000000000001d6f520fe70967a266b50d3d1169ff6eb59cecc0c6f79","1790361277","17021ec5"
"968573","1813915369","00000000000000000000f94c6f28fc74fefb7baaa446a04ff8beaa8c1b188d53","1790360949","17021ec5"
"968572","2451867514","000000000000000000009d3148ebc1566e982e201e2abfd4f66a6b8a2fe43b6d","1790359482","17021ec5"
"968571","3426721308","000000000000000000011ef5dad9dbec052ebbf3423d0cf3dee26fa058e08df9","1790358758","17021ec5"
"968570","3544695339","000000000000000000016156c7169208be506606635f8223e87c9197ac3d59e2","1790357272","17021ec5"
"968569","4216329731","0000000000000000000084199829f240e285bfcba86cd7344be25c39a598e82d","1790356469","17021ec5"
"968568","566002763","000000000000000000015432c7dd6ac9b70e53e645907d8e3ec70f931974c9de","1790355859","17021ec5"
"968567","3857715629","000000000000000000005e285aebcc25d892f32b4b7d1e63157f4664e8e8645b","1790355503","17021ec5"
"968566","966795899","00000000000000000001274482b7345f902d2a5e022d7bb531a204ba24589c74","1790353711","17021ec5"
"968565","4054027839","00000000000000000000651d208d1fbce3d82296562e50906a29a20e0f1ffd74","1790352980","17021ec5"
"968564","1036758577","0000000000000000000161852f644662db3a1af6d89eb26b2f3664771cf60f98","1790352978","17021ec5"
"968563","3638044840","000000000000000000006bb11c4060e6ff16a9f8a12ee9e9919bbfea263a8760","1790352530","17021ec5"
"968562","2055086616","00000000000000000000faa64065d973859252b0b06e6084aaeae565a8c15f7a","1790350831","17021ec5"
"968561","3350403202","000000000000000000006603cc594125a641bf77f97da43078f9a8bdd5df5271","1790349252","17021ec5"
"968560","3407741816","0000000000000000000142e2975bbabe5867a96930a2d794356ab822118864b2","1790348169","17021ec5"
